entrp_nm,load_addr,city_do_cd,long,lat,area,homepage_url,tel_no,reprsnt_menu_nm,menu_pc,base_ymd
고성막국수,서울특별시 강서구 방화대로49길 6-7,11,126.8,37.577455,서울,,02-2665-1205,물막국수,7 000,2020.12.31
강촌숯불닭갈비 본점,서울특별시 구로구 공원로6나길 35-2,11,126.8,37.50443,서울,,02-851-2194,양념 숯불 닭갈비,11 000,2020.12.31
덕원,서울특별시 영등포구 버드나루로길 6,11,126.8,37.526413,서울,,02-2634-8663,꼬리곰탕,9 000,2020.12.31
길풍식당,서울특별시특별시 영등포구 양평로 85,11,126.9,37.566415,서울,,02-2634-1359,꼬리탕,20 000,2020.12.31
대관원,서울특별시 영등포구 당산로37길 1,11,126.8,37.52942,서울,,02-2068-8791,삼선간짜장,8 000,2020.12.31
당산마루 능이버섯삼계탕,서울특별시특별시 영등포구 선유로54길 9,11,126.9,37.566415,서울,,02-6083-1393,능이버섯삼계탕,14 000,2020.12.31
원조호수삼계탕,서울특별시 영등포구 도림로 282,11,126.9,37.50306,서울,,02-833-8948,삼계탕,13 000,2020.12.31
주오일식당,서울특별시 마포구 포은로 89,11,126.9,37.555022,서울,https://www.instagram.com/joo5il/,070-8690-0511,치킨새우검보,12 000,2020.12.31
동일루,서울특별시 마포구 포은로 75,11,126.9,37.553828,서울,,02-3144-2221,찹쌀탕수육 소,15 000,2020.12.31
프롬하노이,서울특별시특별시 마포구 포은로8길 20,11,126.9,37.566415,서울,,02-337-0301,퍼보,10 000,2020.12.31
삼거리순대국,서울특별시 영등포구 시흥대로185길 11,11,126.9,37.491735,서울,http://itvplus.co.kr/home6/sam/,02-848-2469,순댓국,5 000,2020.12.31
순대일번지,서울특별시 마포구 월드컵로 117,11,126.9,37.558675,서울,http://cityfood.co.kr/h9/sundaeilbeonji,02-334-9210,순대국,7 000,2020.12.31
소금집델리 망원,서울특별시특별시 마포구 월드컵로19길 14,11,126.9,37.566415,서울,,02-336-2617,잠봉뵈르 샌드위치,12 000,2020.12.31
대문점,서울특별시 영등포구 영중로10길 30,11,126.9,37.518617,서울,,02-2678-3256,오향족발,22 000,2020.12.31
라멘베라보,서울특별시 마포구 동교로 67,11,126.9,37.553749,서울,,02-338-3439,베라보시오특선,9 000,2020.12.31
행진,서울특별시특별시 마포구 월드컵로 49,11,126.9,37.566415,서울,http://www.instagram.com/tteurak_jk,02-336-4275,삼겹살,13 000,2020.12.31
퓨전 선술집,서울특별시 마포구 월드컵로1길 7,11,126.9,37.549468,서울,,02-335-4764,도미가마구이,37 000,2020.12.31
퓨전선술집,서울특별시특별시 마포구 월드컵로1길 7,11,126.9,37.566415,서울,,02-335-4764,메로구이,,2020.12.31
동무밥상,서울특별시 마포구 양화진길 10,11,126.9,37.548298,서울,,02-322-6632,소고기회무침,12 000,2020.12.31
진진,서울특별시 마포구 잔다리로 123,11,126.9,37.557819,서울,http://jinjinseoul.modoo.at/,070-5035-8878,멘보샤,15 000,2020.12.31
옥동식,서울특별시특별시 마포구 양화로7길 44-10 3차신도빌라,11,126.9,37.566415,서울,,010-5571-9915,돼지곰탕,8 000,2020.12.31
우동 카덴,서울특별시특별시 마포구 양화로7안길 2-1,11,126.9,37.566415,서울,,02-6463-6362,우동,6 000,2020.12.31
리치몬드과자점 성산동지점,서울특별시 마포구 월드컵북로 86,11,126.9,37.561426,서울,http://www.richemont.co.kr/,02-325-0221,밤식빵,6 500,2020.12.31
리치몬드과자점 성산본점,서울특별시특별시 마포구 월드컵북로 86,11,126.9,37.566415,서울,http://www.richemont.co.kr/,02-325-0221,밀크식빵,5 800,2020.12.31
리틀파파포 합정본점,서울특별시특별시 마포구 독막로3길 7,11,126.9,37.566415,서울,https://littlepapapho.modoo.at,02-326-2788,양지 쌀국수,8 000,2020.12.31
로칸다몽로,서울특별시 마포구 잔다리로7길 18,11,126.9,37.553111,서울,http://www.facebook.com/locandamongro/,02-3144-8767,박찬일셰프의 닭튀김,23 000,2020.12.31
마산족발,서울특별시 마포구 월드컵북로 41,11,126.9,37.557944,서울,,02-337-1399,족발,30 000,2020.12.31
밤새우리,서울특별시특별시 마포구 독막로5길 28 1층,11,126.9,37.566415,서울,http://www.instagram.com/bamsaeuri,070-4823-5556,2인세트(채끝살+생등심+꽃등심+갈비살+치맛살+부채살+관자+새우+야채버섯모듬),74 000,2020.12.31
갈현시장할머니떡볶이,서울특별시 은평구 통일로87길 8-1,11,126.9,37.623491,서울,,02-354-8399,떡볶이 1인분,3 000,2020.12.31
빠넬로,서울특별시특별시 마포구 어울마당로5길 29 건우상가주택,11,126.9,37.566415,서울,http://blog.naver.com/gycjs17,02-322-0920,마르게리따 부팔라,24 000,2020.12.31
이치류,서울특별시 마포구 잔다리로3안길 44,11,126.9,37.550656,서울,http://www.ichiryu.kr/,02-3144-1312,살치살,23 000,2020.12.31
이치류 홍대본점,서울특별시특별시 마포구 잔다리로3안길 44,11,126.9,37.566415,서울,http://www.ichiryu.kr/,02-3144-1312,특 양고기 생살치살,27 000,2020.12.31
어메이징타일랜드,서울특별시특별시 마포구 월드컵북로1길 42,11,126.9,37.566415,서울,,02-322-0567,쌀국수,12 000,2020.12.31
남도마루,서울특별시 영등포구 은행로 3,11,126.9,37.527602,서울,,02-761-9937,홍어삼밥,55 000,2020.12.31
남도마루 여의도동점,서울특별시특별시 영등포구 은행로 3 익스콘벤쳐타워 1F,11,126.9,37.566415,서울,,02-761-9937,자연산모듬회(중),80 000,2020.12.31
옹달샘 본점,서울특별시특별시 마포구 양화로6길 99,11,126.9,37.566415,서울,,02-333-2440,곤드레 나물밥,7 000,2020.12.31
미담진족,서울특별시특별시 마포구 잔다리로3안길 27,11,126.9,37.566415,서울,,02-334-7574,오향족발(1~2인),28 000,2020.12.31
당인식당,서울특별시 마포구 와우산로3길 50,11,126.9,37.545619,서울,,02-335-0255,오늘의밥과국,7 500,2020.12.31
달콤한거짓말,서울특별시특별시 마포구 독막로 61-4 1  2층,11,126.9,37.566415,서울,,02-3141-3338,치즈파레트,6 500,2020.12.31
맛이차이나,서울특별시 마포구 독막로 68,11,126.9,37.547608,서울,,02-322-2653,짜장면,7 000,2020.12.31
쿄베이커리,서울특별시 마포구 독막로 65-1,11,126.9,37.548022,서울,,02-794-5090,명란바게트,3 600,2020.12.31
쿄베이커리 홍대점,서울특별시특별시 마포구 독막로 65-1 상수동 오피스텔,11,126.9,37.566415,서울,,02-794-5090,명란 바게트,3 800,2020.12.31
바다회사랑,서울특별시특별시 마포구 동교로27길 60,11,126.9,37.566415,서울,,02-338-0872,광어(소),33 000,2020.12.31
소고산제일루,서울특별시 마포구 잔다리로6길 40-6,11,126.9,37.552126,서울,https://blog.naver.com/kyeong_na/221215822093,02-3141-3045,양고기훠궈세트,38 000,2020.12.31
치치 상수점,서울특별시특별시 마포구 독막로 71,11,126.9,37.566415,서울,http://www.chi-chi.co.kr/,02-323-0782,생연어,8 000,2020.12.31
육통령,서울특별시 마포구 와우산로17길 25,11,126.9,37.550082,서울,,010-5879-8592,삼겹살,12 000,2020.12.31
정인면옥,서울특별시 영등포구 국회대로76길 10,11,126.9,37.530693,서울,http://junginmyeonok.modoo.at/,02-2683-2615,평양냉면,9 000,2020.12.31
옴팡집,서울특별시특별시 영등포구 국회대로76길 16,11,126.9,37.566415,서울,,02-784-3644,특수부위,52 000,2020.12.31
이미,서울특별시특별시 마포구 동교로25길 7,11,126.9,37.566415,서울,https://www.instagram.com/cafeimi/,02-6368-5228,에스프레소 콘파나,5 000,2020.12.31
펠앤콜,서울특별시 마포구 와우산로 39-21,11,126.9,37.548169,서울,http://blog.naver.com/fellncole,070-4411-1434,깻잎 아이스크림,5 000,2020.12.31
사모님돈가스,서울특별시 마포구 와우산로 39-13,11,126.9,37.548089,서울,,02-337-2207,사모님돈가스,7 500,2020.12.31
금화로불고기,서울특별시특별시 마포구 동교로 186-1,11,126.9,37.566415,서울,,02-334-3312,명품 숙성 삼겹살 150g,13 000,2020.12.31
시루케이크,서울특별시특별시 마포구 와우산로1길 4,11,126.9,37.566415,서울,http://blog.naver.com/mintmari,010-6214-7700,아메리카노,4 000,2020.12.31
초마,서울특별시 마포구 와우산로 72,11,126.9,37.550874,서울,,070-7661-8963,짬뽕,8 000,2020.12.31
하카다분코,서울특별시 마포구 독막로19길 43,11,126.9,37.548923,서울,http://www.instagram.com/hakatabunko_official,02-338-5536,인라멘,8 000,2020.12.31
하카타분코,서울특별시특별시 마포구 독막로19길 43,11,126.9,37.566415,서울,http://www.instagram.com/hakatabunko_official,02-338-5536,인라멘,9 000,2020.12.31
삼국지,서울특별시 마포구 동교로 233,11,126.9,37.560936,서울,,02-322-8988,샤브정식 140g,18 000,2020.12.31
이뜰,서울특별시특별시 마포구 홍익로 6,11,126.9,37.566415,서울,http://www.facebook.com/eeddle/?ref=bookmarks,02-3141-4459,무한리필 스테이크,29 700,2020.12.31
툭툭누들타이,서울특별시 마포구 성미산로 161-8,11,126.9,37.565198,서울,https://www.instagram.com/tuktuknoodle/,070-4407-5130,팟 팍봉 무끄럽,16 500,2020.12.31
오케이버거,서울특별시 영등포구 국제금융로2길 32,11,126.9,37.523886,서울,,02-761-6420,OK버거,8 500,2020.12.31
탬파,서울특별시 마포구 연남동 260-2 지하 1층,11,126.9,37.561899,서울,,070-8156-0930,탐파 쿠반 샌드위치,13 000,2020.12.31
랑빠스81,서울특별시특별시 마포구 동교로30길 17-1 101호,11,126.9,37.566415,서울,https://limpasse81.modoo.at/,070-7779-8181,메르게즈(양고기 소시지),25 000,2020.12.31
Baratie,서울특별시 마포구 연희로1길 23,11,126.9,37.560082,서울,http://instagram.com/osteriabaratie,010-6490-2352,메를루쪼,19 000,2020.12.31
바라티에,서울특별시특별시 마포구 연희로1길 23,11,126.9,37.566415,서울,http://instagram.com/osteriabaratie,010-6490-2352,트리빠,26 000,2020.12.31
Anh,서울특별시특별시 마포구 동교로 262-13,11,126.9,37.566415,서울,,070-4205-6266,쌀국수,11 000,2020.12.31
몰리스팝스,서울특별시특별시 마포구 와우산로29바길 9 시성빌딩,11,126.9,37.566415,서울,,070-4300-3045,인절미 아이스크림,4 000,2020.12.31
히메지,서울특별시 마포구 성미산로 198,11,126.9,37.562384,서울,,02-334-9245,카레라이스,5 500,2020.12.31
커피리브레 연남점,서울특별시특별시 마포구 성미산로 198,11,126.9,37.566415,서울,http://coffeelibre.kr/,02-334-0615,아메리카노,4 000,2020.12.31
진주집,서울특별시특별시 영등포구 국제금융로6길 33,11,126.9,37.566415,서울,,02-780-6108,냉콩국수,11 000,2020.12.31
창고43 본점,서울특별시특별시 영등포구 국제금융로6길 33,11,126.9,37.566415,서울,http://www.changgo43.co.kr,02-783-4557,창고43 스페셜,39 000,2020.12.31
송가,서울특별시특별시 마포구 성미산로 197,11,126.9,37.566415,서울,,02-338-6637,유린기,13 000,2020.12.31
다미,서울특별시 영등포구 국제금융로8길 34,11,126.9,37.520238,서울,,02-783-5167,삼치구이,9 000,2020.12.31
편의방,서울특별시 서대문구 연희로 36,11,126.9,37.561841,서울,,02-363-5887,생선만두,9 000,2020.12.31
나노하나,서울특별시 서대문구 동교로 294,11,126.9,37.56506,서울,http://instagram.com/nanohana.yeonhui,02-336-7656,모츠나베,25 000,2020.12.31
폴앤폴리나,서울특별시 서대문구 연희로11길 56,11,126.9,37.568857,서울,,02-333-0185,화이트바게트,4 000,2020.12.31
신복촌,서울특별시 영등포구 국제금융로8길 19,11,126.9,37.520769,서울,http://blog.naver.com/ksbeom,02-706-2500,우럭 맑은탕,15 000,2020.12.31
아이엠어버거 홍대점,서울특별시특별시 마포구 와우산로30길 13,11,126.9,37.566415,서울,https://www.instagram.com/iamaburger_official/,02-338-8507,아이엠 어 버거,9 300,2020.12.31
희정식당,서울특별시 영등포구 여의나루로 117,11,126.9,37.526238,서울,,02-784-9213,부대찌개,8 000,2020.12.31
영원식당,서울특별시특별시 영등포구 여의나루로 117 서울특별시 상가 2층,11,126.9,37.566415,서울,,02-784-1866,수제비,8 000,2020.12.31
피터팬1978,서울특별시특별시 서대문구 증가로 10,11,126.9,37.566415,서울,http://peterpanbakery.com/,02-336-4775,무화과랑 고구마,5 000,2020.12.31
한씨옥,서울특별시특별시 서대문구 연희로25길 92,11,126.9,37.566415,서울,,02-305-4892,법성보리굴비정식,30 000,2020.12.31
서궁,서울특별시특별시 영등포구 국제금융로 86 롯데캐슬아이비 지하 1층,11,126.9,37.566415,서울,,02-780-7548,오향장육,29 000,2020.12.31
떡의미학,서울특별시 서대문구 연희로25길 72,11,126.9,37.570619,서울,,02-324-3638,두텁떡,2 500,2020.12.31
녹원쌈밥,서울특별시특별시 서대문구 연희로25길 22,11,126.9,37.566415,서울,,02-336-9483,녹원쌈밥,13 000,2020.12.31
야바이,서울특별시특별시 서대문구 연세로7안길 37,11,126.9,37.566415,서울,,070-8875-1024,오코노미야키,12 500,2020.12.31
우동카덴,서울특별시 서대문구 연희로 173,11,126.9,37.572506,서울,https://www.caden.co.kr/,02-337-6360,붓카케우동,8 500,2020.12.31
죽해수산,서울특별시특별시 서대문구 연세로5길 30,11,126.9,37.566415,서울,,02-332-9485,죽해정식,70 000,2020.12.31
구월산,서울특별시특별시 서대문구 신촌로 87-22,11,126.9,37.566415,서울,http://cityfood.co.kr/h9/guwolsan,02-336-2069,구월산모둠,45 000,2020.12.31
고등어김치찜전문점군자네,서울특별시특별시 마포구 대흥로 53,11,126.9,37.566415,서울,,02-706-5454,고등어김치찜,8 000,2020.12.31
사이공리,서울특별시 동작구 장승배기로17길 1,11,126.9,37.507114,서울,,02-822-1763,쌀국수,5 000,2020.12.31
마포원조주물럭,서울특별시특별시 마포구 토정로 294,11,126.9,37.566415,서울,,02-716-3001,주물럭,45 000,2020.12.31
마포옥,서울특별시특별시 마포구 토정로 312,11,126.9,37.566415,서울,,02-716-6661,양지 설렁탕,14 000,2020.12.31
참식당,서울특별시 마포구 용강동 43-2,11,126.9,37.540172,서울,,02-706-2432,생대구탕 1인,20 000,2020.12.31
원조조박집,서울특별시 마포구 토정로37길 3,11,126.9,37.539819,서울,,02-712-7462,돼지갈비,14 000,2020.12.31
조박집 본관,서울특별시특별시 마포구 토정로37길 3,11,126.9,37.566415,서울,,02-712-7462,국내산 돼지갈비,15 000,2020.12.31
현래장,서울특별시 마포구 마포대로 20,11,126.9,37.538428,서울,http://현래장.com,02-712-0730,손옛날짜장,5 000,2020.12.31
남도포장마차,서울특별시 관악구 청룡2길 3,11,126.9,37.481229,서울,,02-871-9121,꽃게+수제비탕,,2020.12.31
논밭골 왕갈비탕,서울특별시 관악구 청룡길 30,11,126.9,37.480517,서울,,02-875-6493,왕갈비탕,9 000,2020.12.31
도하정,서울특별시특별시 마포구 마포대로4길 38 1층 도하정,11,126.9,37.566415,서울,https://www.instagram.com/dohajung2018/,010-9440-6639,소고기 듬뿍 곰탕,9 000,2020.12.31
락희옥,서울특별시 마포구 백범로 170,11,126.9,37.544897,서울,https://lakhee1.blog.me/,02-719-9797,보쌈,30 000,2020.12.31
락희옥 마포본점,서울특별시특별시 마포구 백범로 170,11,126.9,37.566415,서울,https://lakhee1.blog.me/,02-719-9797,보쌈,38 000,2020.12.31
상도실내포장마차,서울특별시 동작구 상도로 288,11,126.9,37.501795,서울,,02-821-3825,오징어물회 소,20 000,2020.12.31
장수갈매기,서울특별시특별시 마포구 도화길 46,11,126.9,37.566415,서울,,02-716-6070,갈매기살,13 000,2020.12.31
굴다리식당,서울특별시 마포구 새창로 8-1,11,126.9,37.54212,서울,,02-712-0066,김치찌개,7 000,2020.12.31
홍천한우곱창,서울특별시특별시 마포구 새창로6길 4,11,126.9,37.566415,서울,,02-713-9293,한우곱창구이(1인분 250g),22 000,2020.12.31
이요이요스시,서울특별시 마포구 마포대로 167,11,126.9,37.549632,서울,,02-306-0372,런치스시추천코스,33 000,2020.12.31
무삼면옥,서울특별시 마포구 마포대로12길 50,11,126.9,37.54673,서울,,,100% 메밀물냉면,8 000,2020.12.31
황금콩밭,서울특별시특별시 마포구 굴레방로1길 6,11,126.9,37.566415,서울,,02-313-2952,생두부,10 000,2020.12.31
해밀손칼국수,서울특별시 관악구 청림6길 20,11,126.9,37.486699,서울,,02-878-7654,해밀손칼국수,5 000,2020.12.31
옛날민속집,서울특별시 종로구 진흥로 469,11,126.9,37.606547,서울,,02-379-6100,콩비지,6 000,2020.12.31
오리와메밀푸른초장,서울특별시특별시 서대문구 충정로 43-4 유석빌딩 1층,11,126.9,37.566415,서울,,02-362-1172,메밀막국수,9 000,2020.12.31
자하 손만두,서울특별시 종로구 백석동길 12,11,126.9,37.593163,서울,,02-379-2648,만두전골소,37 000,2020.12.31
강원정,서울특별시 용산구 원효로89길 13-10,11,126.9,37.540495,서울,,02-719-9978,삼계탕,12 000,2020.12.31
인왕식당,서울특별시 종로구 필운대로6길 17-1,11,126.9,37.58049,서울,,02-737-2214,소머리국밥,9 000,2020.12.31
양평민물매운탕,서울특별시특별시 용산구 청파로 329 동해해물탕,11,126.9,37.566415,서울,,02-712-6657,빠가사리 매운탕,35 000,2020.12.31
갯마을한강로점,서울특별시 용산구 서빙고로 56,11,126.9,37.523054,서울,,02-795-2277,떡만둣국,9 000,2020.12.31
포담,서울특별시 종로구 자하문로9길 11,11,126.9,37.579326,서울,,02-733-0831,샤오롱빠오,6 500,2020.12.31
따빠스구르메,서울특별시 종로구 자하문로9길 7,11,126.9,37.579401,서울,http://www.tapasgourmet.co.kr/,02-6014-2369,판콘토마테,5 000,2020.12.31
취천루,서울특별시 종로구 자하문로7길 9,11,126.9,37.57824,서울,,02-6221-8249,고기만두,6 000,2020.12.31
두오모,서울특별시 종로구 자하문로16길 5,11,126.9,37.581669,서울,,02-730-0902,시칠리안파스타,21 000,2020.12.31
사발,서울특별시 종로구 사직로8길 34,11,126.9,37.57321,서울,http://sabal.modoo.at/,02-720-4845,닭국수,11 000,2020.12.31
안주마을,서울특별시 종로구 자하문로1길 5,11,126.9,37.576429,서울,,02-723-3529,청어알젓두부,13 000,2020.12.31
평안도만두집,서울특별시 종로구 새문안로3길 30,11,126.9,37.572906,서울,,02-723-6592,만두전골소,35 000,2020.12.31
구복만두,서울특별시 용산구 두텁바위로 10,11,126.9,37.545083,서울,http://goobokmandoo.modoo.at/,02-797-8656,구복전통만두,5 000,2020.12.31
옛집,서울특별시특별시 용산구 한강대로62길 18,11,126.9,37.566415,서울,,02-794-8364,콩국수,7 000,2020.12.31
메밀꽃필무렵,서울특별시 종로구 효자로 31-1,11,126.9,37.578885,서울,,02-734-0367,메밀물만두,10 000,2020.12.31
평양집,서울특별시 용산구 한강대로 186,11,126.9,37.534836,서울,,02-793-6866,곱창,22 000,2020.12.31
아지겐,서울특별시 용산구 이촌로75길 22,11,126.9,37.520793,서울,,02-794-8177,카타야끼소바,15 000,2020.12.31
광화문집,서울특별시 종로구 새문안로5길 12,11,126.9,37.571372,서울,,02-739-7737,김치찌개,7 000,2020.12.31
봉산집 본점,서울특별시특별시 용산구 한강대로62나길 24,11,126.9,37.566415,서울,,02-793-5022,차돌박이(130g),22 000,2020.12.31
닭진미강원집,서울특별시특별시 중구 남대문시장길 22-20,11,126.9,37.566415,서울,,02-753-9063,닭곰탕,8 000,2020.12.31
북악정,서울특별시 종로구 평창36길 6,11,126.9,37.611348,서울,http://www.esang.co.kr/,02-394-2340,한우 오늘의모둠,99 000,2020.12.31
대복,서울특별시 중구 세종대로14길 22,11,126.9,37.562802,서울,http://www.복요리전문점.kr/,02-755-0189,복찜 중,50 000,2020.12.31
대복집,서울특별시 중구 세종대로14길 22,11,126.9,37.562802,서울,http://www.복요리전문점.kr/,02-755-0189,된장찌개,6 000,2020.12.31
신성식당,서울특별시 중구 세종대로14길 22-3,11,126.9,37.562632,서울,,02-753-5306,굴보쌈,35 000,2020.12.31
창수린,서울특별시 용산구 두텁바위로 55,11,126.9,37.546036,서울,,02-3789-7625,똠양꿍,11 000,2020.12.31
이나니와 요스케,서울특별시 중구 을지로 6,11,126.9,37.565381,서울,http://www.food-biz.or.kr/,02-772-9994,세이로 우동(간장쯔유  참깨미소 쯔유),9 000,2020.12.31
청진옥,서울특별시 종로구 종로3길 32,11,126.9,37.571736,서울,http://www.cheongjinok.com/,02-735-1690,해장국,9 000,2020.12.31
유림낙지,서울특별시 종로구 종로 24-8,11,126.9,37.569503,서울,,02-723-1741,낙지볶음,19 500,2020.12.31
원조유림낙지,서울특별시특별시 종로구 종로 24-8,11,126.9,37.566415,서울,,02-723-1741,낙지볶음,24 900,2020.12.31
오통영 이촌점,서울특별시 용산구 이촌동 300-3,11,126.9,37.516956,서울,,02-794-2377,굴초회,5 000,2020.12.31
감촌,서울특별시 종로구 종로 19,11,126.9,37.570847,서울,,02-733-7035,순두부찌개,10 000,2020.12.31
부민옥,서울특별시 중구 다동길 24-12,11,126.9,37.567508,서울,,02-777-2345,육개장,9 000,2020.12.31
긴자바이린,서울특별시 종로구 율곡로1길 37,11,126.9,37.577574,서울,,02-734-9765,특로스가츠정식,24 000,2020.12.31
병우네,서울특별시 종로구 삼청로7길 19-13,11,126.9,37.583517,서울,,02-720-9397,민어조림 중,60 000,2020.12.31
금홍,서울특별시 용산구 이촌로 303,11,126.9,37.518545,서울,,02-796-0995,유린기,29 000,2020.12.31
큰기와집,서울특별시 종로구 북촌로5길 62,11,126.9,37.579954,서울,,02-722-9024,진품간장게장,55 000,2020.12.31
비원떡집,서울특별시 종로구 율곡로 20,11,126.9,37.575494,서울,,02-765-4928,쌍개피떡,1 500,2020.12.31
풍년쌀농산,서울특별시 종로구 북촌로5가길 32,11,126.9,37.580955,서울,,02-732-7081,떡볶이순대튀김각,2 500,2020.12.31
이태리재,서울특별시 종로구 율곡로1길 74-9,11,126.9,37.578801,서울,,070-4233-6262,성게어란파스타,35 000,2020.12.31
남포면옥,서울특별시 중구 을지로3길 24,11,126.9,37.567215,서울,,02-777-3131,갈비탕,10 000,2020.12.31
조선김밥,서울특별시 종로구 율곡로3길 68,11,126.9,37.578589,서울,,02-723-7496,조선김밥,4 500,2020.12.31
백부장집닭한마리,서울특별시 종로구 삼봉로 100-1,11,126.9,37.571827,서울,,02-732-2565,닭 한 마리 (2인분),20 000,2020.12.31
백부장집 닭한마리,서울특별시특별시 종로구 삼봉로 100-1,11,126.9,37.566415,서울,,02-732-2565,닭한마리,20 000,2020.12.31
영양센타,서울특별시 중구 명동2길 52,11,126.9,37.561126,서울,,02-776-2015,통닭 (대),17 500,2020.12.31
오돌,서울특별시 서초구 방배천로4길 18,11,126.9,37.477846,서울,,02-583-8250,꼬들살,13 000,2020.12.31
명동돈가스,서울특별시 중구 명동3길 8,11,126.9,37.564031,서울,http://mddongas.co.kr/,02-775-5300,히레가스,14 000,2020.12.31
이문설농탕,서울특별시 종로구 우정국로 38-13,11,126.9,37.572756,서울,http://imun.modoo.at/,02-733-6526,설렁탕,10 000,2020.12.31
안즈,서울특별시 중구 을지로5길 19,11,126.9,37.56709,서울,,02-6353-8948,로스카츠정식 소,15 500,2020.12.31
플러스 84,서울특별시 종로구 인사동16길 6,11,126.9,37.57503,서울,,02-735-1112,반미그릴레몬그라스포크,5 900,2020.12.31
하동관명동본점,서울특별시특별시 중구 명동9길 12,11,126.9,37.566415,서울,http://www.hadongkwan.com/,02-776-5656,곰탕,13 000,2020.12.31
명동교자,서울특별시 중구 명동10길 29,11,126.9,37.562572,서울,http://www.mdkj.co.kr/,02-776-5348,칼국수,9 000,2020.12.31
명동교자 본점,서울특별시특별시 중구 명동10길 29,11,126.9,37.566415,서울,http://www.mdkj.co.kr/,02-776-5348,칼국수,9 000,2020.12.31
깡통만두,서울특별시 종로구 북촌로2길 5-6,11,126.9,37.578163,서울,,02-794-4243,만두전골 중,30 000,2020.12.31
서호김밥,서울특별시 서초구 방배중앙로 141-1,11,126.9,37.491687,서울,,02-594-4434,서호김밥,3 500,2020.12.31
목멱산방,서울특별시특별시 중구 퇴계로20길 71 1층 목멱산방,11,126.9,37.566415,서울,https://mmmroom.co.kr/,02-318-4790,산방비빔밥,7 500,2020.12.31
El Pino323,서울특별시 용산구 녹사평대로 220,11,126.9,37.537237,서울,https://elpino323.modoo.at,070-8987-6248,곽카몰리와칩,10 000,2020.12.31
쿠촐로,서울특별시 용산구 신흥로 30-1,11,126.9,37.541185,서울,https://www.instagram.com/cuccioloosteria/,02-6083-0102,카치오페페,26 000,2020.12.31
일미식당,서울특별시 종로구 삼일대로 428,11,126.9,37.572157,서울,http://cafe.naver.com/ilmicafe,02-766-6588,청국장,7 000,2020.12.31
낙원떡집,서울특별시특별시 종로구 삼일대로 438,11,126.9,37.566415,서울,http://www.낙원떡집.한국,02-732-5579,쑥떡,1 000,2020.12.31
통나무식당,서울특별시 종로구 삼일대로 436-1,11,126.9,37.573566,서울,,02-763-7494,아귀찜 중,45 000,2020.12.31
지노스뉴욕피자,서울특별시 용산구 녹사평대로40길 46,11,126.9,37.534409,서울,http://www.instagram.com/ginospizza,02-792-2234,브루클린스 베스트,26 000,2020.12.31
양양메밀막국수,서울특별시 서초구 동광로15길 10,11,126.9,37.49252,서울,https://yangyangkuksu.modoo.at/,02-3482-3738,메밀막국수,8 000,2020.12.31
반포치킨,서울특별시 서초구 신반포로 38,11,126.9,37.501499,서울,,02-599-2825,전기구이마늘치킨,16 000,2020.12.31
주,서울특별시 서초구 동광로19길 16,11,126.9,37.493223,서울,,02-3482-3374,탕수육,17 000,2020.12.31
모터시티,서울특별시 용산구 이태원로 140-1,11,126.9,37.533969,서울,http://www.manimaltribe.com,02-794-8877,잭슨5,22 000,2020.12.31
크래프트루,서울특별시 종로구 수표로28길 17-7,11,126.9,37.573074,서울,,070-7808-0001,벌집통감자,18 000,2020.12.31
애플하우스,서울특별시 서초구 신반포로 50,11,126.9,37.501799,서울,,02-595-1629,즉석 떡볶이 + 공기밥(볶음밥) 1인분,3 500,2020.12.31
레호이,서울특별시 용산구 소월로38가길 5,11,126.9,37.543238,서울,http://www.facebook.com/lehoi.co,070-4242-0426,포보,12 000,2020.12.31
바토스,서울특별시 용산구 이태원로15길 1,11,126.9,37.534651,서울,http://vatoskorea.com,02-797-8226,칠리 라임 쉬림프 타코,9 500,2020.12.31
찬양집,서울특별시 종로구 돈화문로11다길 5,11,126.9,37.572793,서울,http://chanyangjip.modoo.at/,02-743-1384,해물칼국수,6 500,2020.12.31
평래옥,서울특별시 중구 마른내로 21-1,11,126.9,37.564928,서울,,02-2267-5892,초계탕,12 000,2020.12.31
왕타이,서울특별시 용산구 이태원로 151,11,126.9,37.534494,서울,,02-749-2746,톰얌꿍,16 000,2020.12.31
브라이리퍼블릭,서울특별시 용산구 이태원로14길 19,11,126.9,37.533539,서울,,070-8879-1967,미트플래터,33 000,2020.12.31
원조녹두(녹두전 파전),서울특별시 중구 을지로11길 26-2,11,126.9,37.567564,서울,,02-2277-0241,고기녹두,8 000,2020.12.31
미갈매기살,서울특별시 종로구 돈화문로11가길 7,11,126.9,37.572989,서울,,02-3672-0081,갈미개실,10 000,2020.12.31
사랑방칼국수,서울특별시특별시 중구 퇴계로27길 46,11,126.9,37.566415,서울,,02-2272-2020,칼국수,6 000,2020.12.31
안동장,서울특별시 중구 을지로 124,11,126.9,37.566118,서울,,02-2266-3814,굴짬뽕,9 000,2020.12.31
이태원양꼬치,서울특별시 용산구 이태원로20길 22,11,126.9,37.533379,서울,,02-790-9919,양꼬치,12 000,2020.12.31
양미옥 을지로본점,서울특별시특별시 중구 충무로 62,11,126.9,37.566415,서울,,02-2275-8838,대창,32 000,2020.12.31
을지면옥,서울특별시 중구 충무로14길 2-1,11,126.9,37.567661,서울,,02-2266-7052,평양냉면,10 000,2020.12.31
통일집 을지로점,서울특별시 중구 충무로 68-12,11,126.9,37.567204,서울,,02-2273-0824,한우등심(400g),64 000,2020.12.31
키에리,서울특별시 용산구 이태원로26길 16-8,11,126.9,37.533361,서울,,02-798-3441,할머니케이크,6 500,2020.12.31
도우룸,서울특별시 서초구 동광로 99,11,126.9,37.493843,서울,http://soignerestaurantgroup.com/wp/doughroom,02-535-9386,마늘버터소스의 오징어 먹물 카펠리니,18 000,2020.12.31
조선옥,서울특별시 중구 을지로15길 6-5,11,126.9,37.566803,서울,,02-2266-0333,양념소갈비 250g,33 000,2020.12.31
메종 엠오,서울특별시 서초구 방배로26길 22,11,126.9,37.489326,서울,http://www.maisonmo.com/,070-4239-3335,몽블랑 엠오,8 500,2020.12.31
금왕돈까스,서울특별시 성북구 성북로 138,11,126.9,37.594804,서울,,02-763-9366,금왕정식,9 000,2020.12.31
계림,서울특별시특별시 종로구 돈화문로4길 39,11,126.9,37.566415,서울,http://gyaerim.cityfood.co.kr/,02-2263-6658,닭도리탕,24 000,2020.12.31
산수갑산,서울특별시 중구 을지로20길 24,11,126.9,37.56542,서울,,02-2275-6654,순대국밥,6 000,2020.12.31
헬카페 로스터즈,서울특별시 용산구 보광로 76,11,126.9,37.530321,서울,,070-7604-3456,클래식 카푸치노,4 800,2020.12.31
톰볼라 서래본점,서울특별시 서초구 서래로7길 16,11,126.9,37.498861,서울,http://www.latombola.co.kr/,02-593-4660,버섯피자,18 000,2020.12.31
마애,서울특별시 서초구 사평대로22길 14,11,126.9,37.498961,서울,https://www.instagram.com/maillet_patisseriefrancaise/,02-749-1411,딱뜨바니,9 000,2020.12.31
스시고,서울특별시 서초구 사평대로22길 15,11,126.9,37.498936,서울,,02-595-4700,런치 오마카세,45 000,2020.12.31
라싸브어,서울특별시 서초구 서래로 24,11,126.9,37.497085,서울,http://instagram.com/lasaveur_seoul,02-591-6713,디너코스,69 000,2020.12.31
우래옥,서울특별시 중구 창경궁로 62-29,11,126.9,37.568224,서울,,02-2265-0151,전통평양냉면,12 000,2020.12.31
버거그루72,서울특별시 서초구 동광로39길 79,11,126.9,37.4985,서울,,02-537-1089,그루시그니쳐버거,11 000,2020.12.31
바다식당,서울특별시 용산구 이태원로49길 18,11,126.9,37.537172,서울,,02-795-1317,존슨탕 소(2인분),20 000,2020.12.31
은주정,서울특별시 중구 창경궁로8길 32,11,126.9,37.568684,서울,,02-2265-4669,쌈싸먹는김치찌개,7 000,2020.12.31
부자피자 1호점,서울특별시 용산구 이태원로55가길 28,11,126.9,37.537265,서울,http://www.buzzapizza.com/,02-794-9474,부자클라시카,18 000,2020.12.31
줄라이,서울특별시 서초구 동광로 164,11,126.9,37.494719,서울,http://www.julyrestaurant.com,02-534-9544,와이즈 디너 코스,85 000,2020.12.31
나리의집,서울특별시 용산구 이태원로 245,11,127,37.536907,서울,,02-793-4860,삼겹살,12 000,2020.12.31
다운타우너,서울특별시 용산구 이태원로42길 28-4,11,127,37.535891,서울,http://instagram.com/downtownerseoul,070-8820-3696,아보카도 버거,9 300,2020.12.31
오장동흥남집,서울특별시 중구 마른내로 114,11,127,37.564348,서울,http://www.오장동흥남집.com,02-2266-0735,회냉면,9 000,2020.12.31
정돈,서울특별시 종로구 대학로9길 12,11,127,37.581814,서울,http://blog.naver.com/jungdon0916,02-987-0924,안심돈까스,13 000,2020.12.31
만나손칼국수,서울특별시 중구 동호로31길 29,11,127,37.56319,서울,,02-2266-6556,콩국수,7 000,2020.12.31
하단,서울특별시 성북구 성북로6길 14,11,127,37.590002,서울,,02-764-5744,만두전골 중,25 000,2020.12.31
함흥에겨울냉면,서울특별시 중구 동호로24길 21,11,127,37.560206,서울,,02-2279-2770,회냉면 9 000,9 000,2020.12.31
강가네멧돌빈대떡,서울특별시 용산구 대사관로24길 27,11,127,37.532519,서울,,02-792-1967,녹두빈대떡,15 000,2020.12.31
BLT 스테이크,서울특별시 종로구 청계천로 279,11,127,37.570454,서울,http://www.jwmarriottddm.com/pages/03bar/bar02.asp,02-2276-3330,티본,130 000,2020.12.31
와글와글족발,서울특별시 종로구 창신길 18,11,127,37.572408,서울,,02-765-0319,족발 중,25 000,2020.12.31
에베레스트레스토랑,서울특별시 종로구 종로51가길 2-1,11,127,37.572585,서울,http://www.everestfood.com/,02-766-8850,치킨네팔정식,10 000,2020.12.31
부첼리하우스,서울특별시 용산구 독서당로 122-1,11,127,37.536807,서울,,02-792-5676,내등심 100g (최소주문 200g),40 000,2020.12.31
미나미,서울특별시 서초구 서초대로58길 31-2,11,127,37.493285,서울,http://instagram.com/chef_minami,02-522-0373,소보로나스,15 000,2020.12.31
강남따로국밥,서울특별시 서초구 신반포로47길 119,11,127,37.515418,서울,,02-543-2527,선지 따로국밥,8 000,2020.12.31
한성돈까스,서울특별시 서초구 강남대로97길 10,11,127,37.51482,서울,http://www.hansungdongas.com/,02-540-7054,돈까스,8 500,2020.12.31
재구네닭발,서울특별시 중구 퇴계로86길 24,11,127,37.56449,서울,,02-2236-5143,닭발구이,8 000,2020.12.31
마산옥,서울특별시 강남구 강남대로152길 9,11,127,37.517271,서울,,02-544-7207,모듬찜 중,50 000,2020.12.31
닭한마리감자탕,서울특별시 강남구 강남대로152길 13,11,127,37.51739,서울,,02-515-5220,감자탕 2인,25 000,2020.12.31
구스테이크 528,서울특별시 강남구 압구정로 108,11,127,37.522896,서울,http://www.facebook.com/goostk,02-511-0917,드라이에이징 티본 (100g),30 000,2020.12.31
삐아프,서울특별시 강남구 압구정로4길 27-3,11,127,37.521555,서울,http://blog.naver.com/bulabog,02-545-0317,봉봉 6구 세트,16 500,2020.12.31
정돈프리미엄 신사점,서울특별시특별시 강남구 강남대로160길 28,11,126.9,37.566415,서울,,02-549-0924,로스,18 000,2020.12.31
미미면가,서울특별시특별시 강남구 강남대로160길 29,11,126.9,37.566415,서울,https://mimimyunga.modoo.at/,070-4211-5466,고등어구이 온소바,18 000,2020.12.31
양식당더램키친,서울특별시 강남구 압구정로8길 5,11,127,37.523029,서울,,02-3445-9283,양갈비,28 600,2020.12.31
제이피셰프다이어리,서울특별시특별시 강남구 학동로3길 30 제이피셰프다이어리,11,126.9,37.566415,서울,https://www.instagram.com/jp_chefdiary/,02-545-9668,트러플파스타,29 000,2020.12.31
투뿔등심(가로수길점),서울특별시 강남구 압구정로12길 18,11,127,37.522874,서울,http://www.dinehill.co.kr/,02-515-5712,숙성등심(150g),34 000,2020.12.31
배러댄비프,서울특별시 강남구 도산대로11길 5,11,127,37.517864,서울,,02-3446-0400,오리지널그릴드삼겹살,19 000,2020.12.31
베러댄비프,서울특별시특별시 강남구 도산대로11길 5,11,126.9,37.566415,서울,,02-3446-0400,버라이어티 삼겹살,33 200,2020.12.31
듀자미,서울특별시특별시 강남구 도산대로11길 28,11,126.9,37.566415,서울,,02-3443-0030,카라멜 소금케이크(조각),6 700,2020.12.31
C27 가로수길점,서울특별시특별시 강남구 도산대로15길 39,11,126.9,37.566415,서울,https://www.instagram.com/27cheesecake/,02-544-1527,치즈케이크,8 900,2020.12.31
한추,서울특별시 강남구 논현로175길 68,11,127,37.524091,서울,,02-541-0969,후라이드치킨,17 000,2020.12.31
킹콩 스테이크,서울특별시특별시 강남구 논현로175길 69 원영빌딩,11,126.9,37.566415,서울,,050-4456-2269,함박스테이크 라이스 런치,8 000,2020.12.31
덕자네방앗간,서울특별시 서초구 사평대로56길 7,11,127,37.503161,서울,http://deokja.modoo.at/,02-575-8959,덕자네수제떡볶이,3 000,2020.12.31
댈러스바베큐,서울특별시특별시 강남구 도산대로15길 32-10 지하 1층,11,126.9,37.566415,서울,http://www.instagram.com/dallas_bbq,02-511-4677,댈러스플래터,43 000,2020.12.31
달식탁,서울특별시특별시 강남구 도산대로15길 11,11,126.9,37.566415,서울,http://dalsiktak.kr,02-511-9440,조갯살이 들어간 방아잎전,28 000,2020.12.31
배꼽집,서울특별시 강남구 강남대로128길 22,11,127,37.510086,서울,,02-539-3323,명품갈비탕,15 000,2020.12.31
시골야채된장,서울특별시 서초구 강남대로69길 11,11,127,37.501427,서울,,02-3482-7626,시골야채된장 비빔밥,7 000,2020.12.31
악소,서울특별시 강남구 압구정로 151,11,127,37.527793,서울,,02-794-1142,노말 브뢰헷,1 200,2020.12.31
육전식당 1호점,서울특별시 동대문구 난계로30길 16,11,127,37.574295,서울,https://www.instagram.com/yukjeon_official/,02-2253-6373,통삼겹살,13 000,2020.12.31
네기 NEGI,서울특별시 강남구 강남대로152길 67,11,127,37.519009,서울,,02-512-0803,제철 사시미 모리아와세(모둠) 4인,93 000,2020.12.31
난장캠프,서울특별시특별시 강남구 강남대로114길 10,11,126.9,37.566415,서울,https://nanjangcamp.modoo.at,02-516-1446,생삼겹 참숯 통그릴구이,12 000,2020.12.31
로리스 더 프라임 립,서울특별시 서초구 서초대로 411,11,127,37.497758,서울,http://lawrys.kr/,02-590-2800,프라임립(로리컷 기준) 280g,78 000,2020.12.31
더블트러블,서울특별시특별시 강남구 봉은사로4길 22 1층,11,126.9,37.566415,서울,http://www.instagram.com/double_trouble_korea,02-3477-8880,더블트러블,10 900,2020.12.31
대가,서울특별시 강남구 봉은사로4길 24,11,127,37.503275,서울,,02-567-2379,만두전골 중,25 000,2020.12.31
이딸라시안,서울특별시특별시 강남구 봉은사로4길 36 운현빌딩 지하 1층,11,126.9,37.566415,서울,https://www.facebook.com/italasian,02-565-2272,채끝 등심 파히타(2인),31 000,2020.12.31
우시야,서울특별시 강남구 논현로159길 11,11,127,37.522915,서울,,010-9359-9667,A코스,59 000,2020.12.31
토끼정 강남점,서울특별시특별시 강남구 봉은사로6길 32,11,126.9,37.566415,서울,http://www.instagram.com/tokkijung_seoul,070-4230-2233,깻잎 불고기 사라다를 듬뿍 올려먹는 맛있는 밥,12 500,2020.12.31
강남돈까스,서울특별시특별시 강남구 테헤란로1길 40 지하1층,11,126.9,37.566415,서울,,02-553-0456,김치치즈나베,9 000,2020.12.31
바비레드 강남본점,서울특별시특별시 강남구 봉은사로6길 39,11,126.9,37.566415,서울,http://www.facebook.com/mybobired,02-3452-1515,바비스테이크,20 000,2020.12.31
땀땀,서울특별시특별시 강남구 강남대로98길 12-5,11,126.9,37.566415,서울,,02-554-8892,포 모이,15 000,2020.12.31
마포쉐프 강남역점,서울특별시특별시 강남구 강남대로98길 16 파빌리온빌딩,11,126.9,37.566415,서울,,02-566-8886,마초삼겹스테이크,19 900,2020.12.31
서경도락 도산대로점,서울특별시특별시 강남구 도산대로 208,11,126.9,37.566415,서울,,02-512-1092,평양식 직화불고기,26 000,2020.12.31
무화잠 강남점,서울특별시 강남구 강남대로 338,11,127,37.493405,서울,http://무화잠.com/,02-563-7878,대게찜 (100g),11 900,2020.12.31
대도식당 왕십리점,서울특별시 성동구 무학로12길 3,11,127,37.567373,서울,http://kitchenborie.com/,02-2292-9772,한우등심(250g),38 000,2020.12.31
대감왕족발,서울특별시 강남구 압구정로 216,11,127,37.5281,서울,,02-511-1998,족발 소,25 000,2020.12.31
두레국수,서울특별시특별시 강남구 도산대로37길 28,11,126.9,37.566415,서울,,02-3444-1421,두레국수,8 000,2020.12.31
장서는날,서울특별시특별시 강남구 강남대로78길 35,11,126.9,37.566415,서울,,02-567-4475,신포시장 김치섞어찌개,8 000,2020.12.31
스시코마츠,서울특별시 강남구 언주로165길 7-10,11,127,37.525218,서울,,02-515-1177,런치 오마카세,80 000,2020.12.31
한일관,서울특별시 강남구 압구정로38길 14,11,127,37.527788,서울,http://www.hanilkwan.co.kr/,1577-9963,불고기,29 000,2020.12.31
옛골,서울특별시 강남구 봉은사로24길 12,11,127,37.505938,서울,,02-561-0591,꽁치 묵은지 찌개,18 000,2020.12.31
동경육개장,서울특별시 강남구 테헤란로13길 8-3,11,127,37.50047,서울,,02-566-9779,전통육개장,8 000,2020.12.31
한성칼국수,서울특별시 강남구 언주로 735,11,127,37.520797,서울,,02-544-0540,새우전,22 000,2020.12.31
한성칼국수 논현점,서울특별시특별시 강남구 언주로 735 국민은행 지하,11,126.9,37.566415,서울,,02-544-0540,칼국수,9 000,2020.12.31
고래불 역삼점,서울특별시 강남구 논현로79길 62,11,127,37.496281,서울,,02-556-3677,동해돌문어숙회,45 000,2020.12.31
엽기꼼닭발,서울특별시 성동구 왕십리로22길 3,11,127,37.562628,서울,,02-2299-3838,뼈있는닭발,11 000,2020.12.31
Just Steak,서울특별시특별시 강남구 언주로152길 11-7,11,126.9,37.566415,서울,,02-544-9357,T-Bone Steak (100g),17 300,2020.12.31
대낚식당,서울특별시특별시 강남구 역삼로 137 1층 대낚식당,11,126.9,37.566415,서울,https://www.instagram.com/dae__nakk/,02-558-5561,대낙새,22 000,2020.12.31
팜티진 쌀국수,서울특별시 성동구 무학로6길 50,11,127,37.564264,서울,,02-2293-2214,소고기 쌀국수,7 000,2020.12.31
참한간장게장,서울특별시특별시 강남구 언주로168길 15,11,126.9,37.566415,서울,http://www.chamhan.kr/,02-518-7782,참한 모둠정식,39 000,2020.12.31
그라노,서울특별시 강남구 언주로168길 16,11,127,37.526159,서울,,02-540-1330,어란파스타,44 000,2020.12.31
대우식당,서울특별시특별시 강남구 테헤란로25길 34,11,126.9,37.566415,서울,,02-552-1663,등심스테이크,38 000,2020.12.31
자연석돌구이,서울특별시 강남구 언주로148길 9,11,127,37.520648,서울,,02-548-9494,대패삼겹살,12 000,2020.12.31
홈수끼 학동점,서울특별시특별시 강남구 언주로 708,11,126.9,37.566415,서울,,02-3445-4124,런치A코스(평일/ 오늘의 스프 + 모듬채소 + 소고기등심 + 모듬해물 + 칼국수 또는 죽 + 후식),22 800,2020.12.31
진미평양냉면,서울특별시 강남구 학동로 305-3,11,127,37.516157,서울,https://jinmipy.modoo.at/,02-515-3469,냉면,10 000,2020.12.31
더키친살바토레쿠오모,서울특별시 강남구 언주로164길 29,11,127,37.52569,서울,http://salvatorecuomo.kr,02-3447-0071,DOC피자,20 000,2020.12.31
더 키친 살바토레 쿠오모,서울특별시특별시 강남구 언주로164길 29 영안빌딩 1층,11,126.9,37.566415,서울,http://salvatorecuomo.kr,02-3447-0071,D.O.C 피자,25 000,2020.12.31
갓포치유,서울특별시 강남구 언주로164길 34-2,11,127,37.525268,서울,http://instagram.com/kappo_chiyu,070-7750-5585,닭다리살 후라이,12 000,2020.12.31
카페 노티드 청담점,서울특별시특별시 강남구 압구정로46길 53 미래빌딩 1층,11,126.9,37.566415,서울,http://instagram.com/cafeknotted,070-8860-9377,노티드그린,6 500,2020.12.31
스시선수,서울특별시특별시 강남구 도산대로45길 6 호림아트센터 2빌딩,11,126.9,37.566415,서울,http://sushisunsoo.modoo.at/,02-514-0812,점심 스시세트,65 000,2020.12.31
왕자장어,서울특별시 강남구 언주로164길 35-4,11,127,37.525578,서울,,070-4418-2551,아나고구이 (1인분),28 000,2020.12.31
백곰막걸리&양조장,서울특별시 강남구 압구정로48길 39,11,127,37.525951,서울,http://whitebear.modoo.at/,02-540-7644,연잎 간재미찜,24 000,2020.12.31
짱이네산곰장어,서울특별시 강남구 언주로 605,11,127,37.509392,서울,,02-514-3554,산곰장어,17 000,2020.12.31
루비떡볶이,서울특별시 강남구 선릉로153길 21,11,127,37.52464,서울,,02-516-7147,루비네 떡볶이,3 500,2020.12.31
이치에(Ichie),서울특별시 강남구 선릉로155길 23-3,11,127,37.52538,서울,,070-4273-4087,사시미 모리와아세(모둠 생선회),63 000,2020.12.31
리틀넥 청담점,서울특별시특별시 강남구 도산대로51길 17,11,126.9,37.566415,서울,http://instagram.com/littleneckseoul,010-9608-9499,에그 베이컨 프레첼,12 000,2020.12.31
도산분식 도산공원점,서울특별시특별시 강남구 도산대로49길 10-6 젤로빌딩,11,126.9,37.566415,서울,http://www.instagram.com/dosanbunsik,02-514-5060,도산떡볶이,5 500,2020.12.31
영동족발,서울특별시 서초구 남부순환로358길 8,11,127,37.484592,서울,,02-571-3939,왕족발,32 000,2020.12.31
대가방,서울특별시 강남구 선릉로145길 13,11,127,37.521161,서울,http://daegabang.modoo.at/,02-544-6336,탕수육,20 000,2020.12.31
개화옥,서울특별시 강남구 압구정로50길 7,11,127,37.527748,서울,http://blog.naver.com/koreafood_gaewhaok,02-549-1459,된장국수,8 000,2020.12.31
만두집,서울특별시특별시 강남구 압구정로 338,11,126.9,37.566415,서울,http://mandoojip.modoo.at/,02-544-3710,만두전골,60 000,2020.12.31
스위츠플레닛,서울특별시 강남구 선릉로131길 23,11,127,37.517228,서울,,02-541-0402,얼그레이 롤케이크 piece,5 500,2020.12.31
현대정육식당,서울특별시 강남구 선릉로146길 5,11,127,37.521931,서울,,02-540-7205,김치찌개,7 000,2020.12.31
오아시스,서울특별시특별시 강남구 도산대로55길 20,11,126.9,37.566415,서울,http://www.instagram.com/oasisbrunch,02-548-8859,타이 누들 샐러드,22 000,2020.12.31
오통영 청담점,서울특별시특별시 강남구 선릉로158길 10 한나빌딩 지하2층,11,126.9,37.566415,서울,,02-544-2377,전복무쇠솥밥(2인),44 000,2020.12.31
토말,서울특별시 강남구 선릉로121길 13,11,127,37.513704,서울,,02-518-0292,보리굴비,25 000,2020.12.31
고센인코퍼레이티드 청담점,서울특별시특별시 강남구 선릉로158길 18,11,126.9,37.566415,서울,https://www.i-goshen.com/,02-515-1863,홍합 치즈 떡볶이,29 000,2020.12.31
갓포아키 청담점,서울특별시 강남구 선릉로162길 12,11,127,37.52678,서울,https://instagram.com/kappo_akii?igshid=1kkcxn4tm15qa,02-540-8660,모둠사시비 4피스,98 000,2020.12.31
울프강 스테이크하우스,서울특별시특별시 강남구 선릉로152길 21,11,126.9,37.566415,서울,http://wolfgangssteakhouse.co.kr/,02-556-8700,포터하우스스테이크(1000g),253 000,2020.12.31
레스쁘아 뒤 이부,서울특별시 강남구 선릉로152길 33,11,127,37.524552,서울,,02-517-6034,오리다리 꽁피,48 000,2020.12.31
옛날집,서울특별시 강남구 선릉로148길 38,11,127,37.522717,서울,,02-549-7888,고갈비,22 000,2020.12.31
파스토,서울특별시특별시 강남구 도산대로62길 17 지층 PASTO,11,126.9,37.566415,서울,http://www.pasto.kr/,02-515-6878,SEA URCHIN,36 000,2020.12.31
청담골,서울특별시 강남구 선릉로148길 48,11,127,37.522759,서울,,02-543-1252,고등어 백반,10 000,2020.12.31
마코토 청담점,서울특별시특별시 강남구 압구정로80길 37,11,126.9,37.566415,서울,http://blog.naver.com/bladiyong,02-546-9218,특사시미 모리아와세,149 000,2020.12.31
광주식당,서울특별시 동대문구 홍릉로1길 21-6,11,127,37.580608,서울,,02-969-4403,청국장,5 000,2020.12.31
니시키,서울특별시 동대문구 홍릉로1길 21-6,11,127,37.580608,서울,,02-749-0446,붓가케우동,8 000,2020.12.31
대성갈비,서울특별시 성동구 서울특별시숲4길 27,11,127,37.563389,서울,,02-464-3012,돼지갈비,10 000,2020.12.31
호무랑,서울특별시 강남구 도산대로 442,11,127,37.523314,서울,https://srs.echosunhotel.com/homurang/intro.do?rstrntCode=HOMURANG,02-6947-1279,산마붓가케소바,24 000,2020.12.31
밍글스,서울특별시특별시 강남구 도산대로67길 19 힐탑빌딩 2층,11,126.9,37.566415,서울,http://www.restaurant-mingles.com/,02-515-7306,런치메뉴(재철 회 + 도토리묵 + 산초페스토 + 나주배 + 흑임자 + 돼지감자 규아상 + 모렐버섯 + 양지육수 + 오늘의 생선요리 + 제철 과일 타르트 + 떡갈비 반상 or 랍스터,90 000,2020.12.31
무수옥,서울특별시 도봉구 도봉로165길 15,11,127,37.677131,서울,,02-954-6292,설렁탕,10 000,2020.12.31
볼트82,서울특별시 강남구 압구정로72길 22,11,127,37.525015,서울,https://vault82.modoo.at,02-544-9234,포터하우스 100g (최소주문 800g),26 000,2020.12.31
카퍼룸,서울특별시 강남구 봉은사로 410,11,127,37.510321,서울,http://www.instagram.com/copperroom_brewery,02-6202-2078,카퍼싱글,8 000,2020.12.31
성수아구찜,서울특별시 성동구 왕십리로4길 10,11,127,37.545584,서울,,02-465-4346,아구탕 (1인),9 000,2020.12.31
소호정 본점,서울특별시 서초구 논현로 27,11,127,37.473262,서울,http://www.sohojung.com/,02-579-7282,한우국수,10 000,2020.12.31
죽변항,서울특별시 성동구 상원길 40,11,127,37.547536,서울,,02-465-7487,특물회,15 000,2020.12.31
테라13,서울특별시 강남구 도산대로90길 13,11,127,37.523481,서울,,02-546-6809,블랙 트러플과 페스토 파케리,35 000,2020.12.31
영천영화,서울특별시 강남구 도산대로90길 3,11,127,37.523962,서울,http://www.ycyh.co.kr,02-3442-0381,한우육회,32 000,2020.12.31
청국장 서갈비,서울특별시 강남구 선릉로 420,11,127,37.502505,서울,,02-561-1019,청국장,7 000,2020.12.31
미쓰양꼬치,서울특별시 강남구 테헤란로64길 26,11,127,37.503155,서울,,02-562-9233,양꼬치,11 000,2020.12.31
파이어벨,서울특별시 강남구 선릉로72길 13,11,127,37.500403,서울,https://www.facebook.com/FIREBELLBURGER,02-6489-0041,루키버거,7 000,2020.12.31
비야게레로,서울특별시 강남구 봉은사로78길 12,11,127,37.511968,서울,,02-538-8915,까르니따 따꼬,4 000,2020.12.31
새벽집 청담동점,서울특별시 강남구 도산대로101길 6,11,127,37.525565,서울,http://saebyukjip.modoo.at/,02-546-5739,꽃등심(150g),58 000,2020.12.31
농민백암순대,서울특별시 강남구 선릉로86길 40-4,11,127,37.503743,서울,,02-555-9603,국밥,7 000,2020.12.31
농민백암순대 본점,서울특별시특별시 강남구 선릉로86길 40-4,11,126.9,37.566415,서울,,02-555-9603,국밥,8 000,2020.12.31
아티장베이커스,서울특별시 강남구 선릉로64길 11-2,11,127,37.49805,서울,,02-558-1239,라우겐 크로아상,3 300,2020.12.31
외고집설렁탕,서울특별시특별시 강남구 삼성로 555 알앤텍빌딩 1층,11,126.9,37.566415,서울,http://oegojip.modoo.at/,02-567-5225,설렁탕,11 000,2020.12.31
하동관,서울특별시 강남구 테헤란로78길 16,11,127,37.505068,서울,,02-565-0003,곰탕 특,15 000,2020.12.31
뜨락,서울특별시특별시 강남구 영동대로142길 13-3,11,126.9,37.566415,서울,http://www.instagram.com/tteurak_jk,02-543-2987,안심(150g),48 000,2020.12.31
반룡산,서울특별시 강남구 테헤란로78길 26,11,127,37.504468,서울,http://www.banryongsan.com/,02-3446-8966,가릿국밥,8 000,2020.12.31
고운님,서울특별시 강남구 삼성로81길 22,11,127,37.504334,서울,,02-562-9292,갑오징어 데침,48 000,2020.12.31
정육식당 대치점,서울특별시 강남구 역삼로 450,11,127,37.502239,서울,,02-557-0883,생등심(200g),37 000,2020.12.31
삼성원조양곱창,서울특별시 강남구 학동로101길 7,11,127,37.520936,서울,,02-545-8895,곱창,18 000,2020.12.31
봉화전,서울특별시 강남구 봉은사로 632,11,127,37.514738,서울,,02-568-0919,육전모듬,25 000,2020.12.31
전국통일닭발,서울특별시 동대문구 장한로6길 10,11,127,37.563538,서울,,02-2246-4059,불닭발,15 000,2020.12.31
동해해물,서울특별시 광진구 동일로26길 16,11,127,37.545256,서울,,02-469-5843,해물찜 중,45 000,2020.12.31
원조숯불소금구이,서울특별시 광진구 광나루로12길 19,11,127,37.54674,서울,,02-2205-0808,돼지 치맛살,13 000,2020.12.31
명봉샤브샤브양꼬치,서울특별시 광진구 뚝섬로31길 59,11,127,37.538108,서울,,02-498-8808,양꼬치,12 000,2020.12.31
쪼매매운떡볶이,서울특별시 노원구 공릉로 208,11,127,37.628283,서울,,02-977-1120,떡볶이 1인분,2 500,2020.12.31
바네하임,서울특별시 노원구 공릉로32길 54,11,127,37.621712,서울,http://www.facebook.com/vaneheimbrewery,02-948-8003,수제소시지,23 000,2020.12.31
남경막국수,서울특별시 송파구 백제고분로7길 52-29,11,127,37.509466,서울,,02-417-0060,물막국수,8 000,2020.12.31
주은감자탕,서울특별시 송파구 삼학사로 71,11,127,37.50369,서울,,02-413-3670,감자탕 소,27 000,2020.12.31
송파나루,서울특별시 송파구 석촌호수로 234,11,127.1,37.507654,서울,,02-413-7080,갈치조림 소,45 000,2020.12.31
멘야하나비,서울특별시 송파구 백제고분로45길 38,11,127.1,37.510927,서울,https://www.instagram.com/menya_hanabi/?hl=ko,070-8959-1108,나고야 마제소바,9 000,2020.12.31
피자힐,서울특별시 광진구 워커힐로 177,11,127.1,37.555949,서울,https://www.walkerhill.com/vistawalkerhillseoul/dining/PizzaHill,02-450-4699,콤비네이션피자,46 000,2020.12.31
모꼬지에,서울특별시 송파구 송파대로36길 5-13,11,127.1,37.500473,서울,,02-424-6150,혼합떡볶이 매운떡볶이2인분,7 000,2020.12.31
옹아리 벌교 참꼬막,서울특별시 송파구 송파대로30길 11,11,127.1,37.494833,서울,,02-443-8909,꼬막 간장무침,25 000,2020.12.31
툇마루밥상,서울특별시 송파구 송파대로22길 11,11,127.1,37.487894,서울,,02-409-6979,툇마루밥상,17 000,2020.12.31
봉피양,서울특별시 송파구 양재대로71길 1-4,11,127.1,37.510002,서울,http://www.ibjgalbi.com/,02-415-5527,평양물냉면,12 000,2020.12.31
벽제갈비 방이본점,서울특별시 송파구 양재대로71길 1-4,11,127.1,37.510002,서울,http://www.bjgalbi.com/,02-415-5522,생갈비 200g,87 000,2020.12.31
제주도 아줌마네집,서울특별시 강동구 풍성로58길 34,11,127.1,37.527494,서울,,02-488-6268,전복해물탕 소,30 000,2020.12.31
고모네원조콩탕북어탕,서울특별시 강동구 풍성로57길 13,11,127.1,37.529671,서울,,02-485-4675,콩국수,9 000,2020.12.31
동명항게찜,강원도 속초시 동명동 1-12,,128.6,38.212491,강원,,,대게찜,,2020.12.31
동명항생선숯불구이,강원도 속초시 동명동 513-98,,128.5,38.210959,강원,,,생선구이,,2020.12.31
사돈집,강원도 속초시 영랑동 133,,128.5,38.214212,강원,,,물곰탕,,2020.12.31
삼해횟집,강원도 속초시 영랑동 148-171,,128.5,38.219993,강원,,,회,,2020.12.31
최대섭대박김밥,강원도 속초시 중앙동 471-4,,128.5,38.204515,강원,,,명태회김밥,,2020.12.31
백담황태구이,강원도 인제군 북면 용대리 592,,128.3,38.196247,강원,,,황태구이정식,,2020.12.31
자작나무집,강원도 인제군 인제읍 원대리 242-6,,128.2,38.004713,강원,,,잡어매운탕,,2020.12.31
대원당,강원도 춘천시 석사동 796-2,,127.7,37.857752,강원,,,쿠로 맘모스,,2020.12.31
샘밭막국수,강원도 춘천시 신북읍 천전리 118-23,,127.7,37.929604,강원,,,막국수,,2020.12.31
명가막국수,강원도 춘천시 신북읍 천전리 39-7,,127.7,37.932957,강원,,,막국수,,2020.12.31
원조숯불닭불고기,강원도 춘천시 중앙로 2가 70,,127.7,37.878741,강원,,,숯불닭갈비,,2020.12.31
동화펜션&유원지,경기도 가평군 상면 임초리 42-1,,127.3,37.771418,경기,,,오리백숙,,2020.12.31
산촌,경기도 고양시 덕양구 벽제동 582-1,,126.9,37.735402,경기,,,사찰음식,,2020.12.31
소풍,경기도 고양시 덕양구 행주내동 151,,126.8,37.600394,경기,,,보리굴비,,2020.12.31
우정가든,경기도 고양시 덕양구 행주외동 54-8,,126.8,37.602956,경기,,,오리직화구이,,2020.12.31
초원오리농장,경기도 고양시 덕양구 현천동 41-7,,126.8,37.592356,경기,,,오리주물럭,,2020.12.31
바람아래꽃돌게장,경기도 고양시 일산동구 마두동 862,,126.7,37.662784,경기,,,돌게장,,2020.12.31
싹쓰리솥뚜껑김치삼겹살,경기도 고양시 일산동구 백석동 1247-6,,126.7,37.645953,경기,,,삼겹살,,2020.12.31
우렁각시쌈밥총각,경기도 고양시 일산동구 백석동 1318,,126.7,37.638822,경기,,,우렁이쌈밥,,2020.12.31
별미진미,경기도 고양시 일산동구 백석동 1411-4,,126.7,37.646814,경기,,,게장,,2020.12.31
별미진미,경기도 고양시 일산동구 백석동 1411-4,,126.7,37.646814,경기,,,게장,,2020.12.31
제주쉬멍해장국,경기도 고양시 일산서구 대화동 137-2,,126.7,37.685102,경기,,,제주식소고기해장국,,2020.12.31
허육도,경기도 고양시 일산서구 덕이동 446-4,,126.7,37.690773,경기,,,해물찜,,2020.12.31
파라호,경기도 구리시 아차산로 417 교문동 108 성원쇼파,,127.1,37.592259,경기,,,매운탕,,2020.12.31
자성화맛집코다리네,경기도 군포시 당동 973-9,,126.9,37.344337,경기,,,코다리조림,,2020.12.31
봉구네고기집,경기도 김포시 양촌읍 석모리 1011-2,,126.6,37.652362,경기,,,소돼지직화구이,,2020.12.31
진흥관,경기도 김포시 양촌읍 석모리 1191,,126.6,37.652755,경기,,,짜장면,,2020.12.31
큰손참붕어찜,경기도 김포시 양촌읍 석모리 544-2,,126.6,37.664599,경기,,,붕어찜,,2020.12.31
박승광손칼국수,경기도 김포시 장기동 157-2,,126.6,37.648539,경기,,,해물손칼국수,,2020.12.31
수인씨의마당,경기도 남양주시 별내동 265,,127.1,37.655102,경기,,,시래기,,2020.12.31
시가올,경기도 남양주시 삼패동 589-2,,127.1,37.59359,경기,,,비빔국수,,2020.12.31
팔당초계국수,경기도 남양주시 와부읍 팔당리 80-11,,127.2,37.541122,경기,,,초계국수,,2020.12.31
더수제비,경기도 남양주시 조안면 삼봉리 276-3,,127.3,37.591878,경기,,,수제비,,2020.12.31
메봉골황제능이버섯,경기도 남양주시 화도읍 금남리 511-79,,127.3,37.633823,경기,,,해신탕,,2020.12.31
스위트로빈,경기도 동두천시 보산동 426-5,,127,37.915035,경기,,,디저트,,2020.12.31
오륙하우스,경기도 동두천시 보산동 430-8,,127,37.917367,경기,,,경양식,,2020.12.31
원조다래솥뚜껑,경기도 동두천시 생연동 369-7,,127,37.898868,경기,,,솥뚜껑구이,,2020.12.31
황주생고기,경기도 동두천시 생연동 823-19,,127,37.905076,경기,,,한우,,2020.12.31
삼도갈비,경기도 부천시 상2동 573-1,,126.7,37.496711,경기,,,한우생갈비,,2020.12.31
김치테마파크,경기도 부천시 상동 529-2,,126.7,37.508225,경기,,,김치,,2020.12.31
추억의연탄집,경기도 성남시 분당구 구미동 34-5,,127.1,37.348549,경기,,,고추장삼겹살,,2020.12.31
화수목,경기도 성남시 분당구 서현동 273-1,,127.1,37.384992,경기,,,스키야키,,2020.12.31
찌마기,경기도 성남시 분당구 정자동 53-3,,127.1,37.371249,경기,,,조개찜,,2020.12.31
경포,경기도 성남시 수정구 복정동 38-24,,127.1,37.460182,경기,,,돼지갈비정식,,2020.12.31
오불뚝,경기도 성남시 수정구 창곡동 551-1,,127.1,37.466151,경기,,,오징어볶음,,2020.12.31
티마하우스,경기도 수원시 영통구 이의동 1222-4,,127,37.311964,경기,,,비건양식,,2020.12.31
진미통닭,경기도 수원시 팔달구 남수동 117-1,,127,37.27967,경기,,,통닭,,2020.12.31
무쇳집,경기도 수원시 팔달구 인계동 1113-10,,127,37.263606,경기,,,등심,,2020.12.31
에버그린,경기도 안양시 동안구 관양 2동 1487-28,,126.9,37.392514,경기,,,돈가스,,2020.12.31
금강올갱이해장국,경기도 안양시 동안구 관양동 1450-10,,126.9,37.403144,경기,,,다슬기해장국,,2020.12.31
옛집,경기도 안양시 만안구 안양 6동 517-19,,126.9,37.386587,경기,,,쌈밥,,2020.12.31
삼촌식당,경기도 안양시 만안구 안양동 695-150,,126.9,37.402001,경기,,,카레,,2020.12.31
평양초계탕,경기도 양평군 강하면 전수리 564-2,,127.4,37.501445,경기,,,초계탕,,2020.12.31
두메향기산,경기도 양평군 양서면 목왕리 87,,127.3,37.552517,경기,,,산나물비빔밥,,2020.12.31
한참치,경기도 용인시 기흥구 보정동 1184-4,,127.1,37.321851,경기,,,참치회,,2020.12.31
청솔유황오리진흙구이,경기도 용인시 수지구 동천동 152-3,,127,37.343318,경기,,,오리진흙구이,,2020.12.31
바위꽃,경기도 용인시 처인구 삼가동 241-48,,127.1,37.238073,경기,,,굴,,2020.12.31
일출보리밥집,경기도 의왕시 내손동 226,,126.9,37.378602,경기,,,보리밥,,2020.12.31
전라도일키로바지락칼국수,경기도 의왕시 청계동 534,,127,37.392648,경기,,,바지락칼국수,,2020.12.31
콩지팥찌,경기도 의왕시 청계동 544-1,,127,37.393329,경기,,,팥죽,,2020.12.31
외식하기가장좋은집,경기도 의왕시 포일동 505-117,,126.9,37.393762,경기,,,돼지갈비,,2020.12.31
청운누룽지백숙,경기도 의왕시 학의동 593-1,,127,37.373963,경기,,,누룽지닭백숙,,2020.12.31
정통부대고기,경기도 의정부시 가능3동 578-19,,127,37.742884,경기,,,부대볶음,,2020.12.31
맷돌우리콩감자탕,경기도 파주시 문발동 545-1,,126.7,37.728737,경기,,,콩비지감자탕,,2020.12.31
청산어죽,경기도 파주시 서패동 183-3,,126.6,37.714273,경기,,,어죽,,2020.12.31
류재은베이커리,경기도 파주시 탄현면 성동리 187-1,,126.6,126.687225,경기,,,"마늘빵, 파네토네",,2020.12.31
털보네바베큐,경기도 하남시 미사동 309,,127.2,37.571679,경기,,,장어참나무직화구이,,2020.12.31
팔당원조칼제비칼국수,경기도 하남시 창우동 4-9,,127.2,37.541418,경기,,,칼제비,,2020.12.31
왕대통수라찜,경기도 하남시 춘궁동 501-6,,127.1,37.520658,경기,,,대통찜,,2020.12.31
신동태,경기도 화성시 장지동 817-1,,127.1,37.151695,경기,,,알탕,,2020.12.31
라카사,경기도도 평택시 신장동 315-8,,127,37.275364,경기,,,멕시코 요리,,2020.12.31
사보르 페루아노,경기도도 평택시 신장동 319-4,,127,37.275364,경기,,,페루 요리,,2020.12.31
거제고현시장,경상남도 거제시 고현동 98-27,,128.6,34.886246,경남,,,,,2020.12.31
대동할매국수,경상남도 김해시 대동면 초정리 952-25,,128.9,35.236882,경남,,,구포국수,,2020.12.31
김정식의 삼일 뒷고기,경상남도 김해시 삼문동 97-5,,128.7,35.197629,경남,,,뒷고기,,2020.12.31
울산다찌,경상남도 통영시 봉평동 447,,128.4,34.832987,경남,,,다찌,,2020.12.31
할매우짜,경상남도 통영시 서호동 177-417,,128.4,128.41941,경남,,,"우동, 짜장면",,2020.12.31
뚱보할머니김밥,경상남도 통영시 중앙동 129-3,,128.4,34.843873,경남,,,충무김밥,,2020.12.31
교리김밥,경상북도 경주시 교동 69,,129.2,35.830884,경북,,,김밥,,2020.12.31
윤금자모리칼국수,경상북도 포항시 북구 장성동 866-318,,129.3,36.068023,경북,,,모리국수,,2020.12.31
엘토르원조구룡포과메기,경상북도 포항시 북구 죽도동 47-8,,129.3,36.03251,경북,,,과메기,,2020.12.31
THE김밥,대전광역시 서구 갈마동 1217 102호,,127.3,36.343371,대전,,,옛날김밥,,2020.12.31
산밑할머니묵집,대전광역시 유성구 관평동 544-4,,127.3,36.416047,대전,,,묵밥,,2020.12.31
진로집,대전광역시 중구 대흥동 314-1,,127.4,36.325879,대전,,,두부두루치기,,2020.12.31
내호냉면,부산광역시 남구 우암동 189-671,,129,35.126482,부산,,,밀면,,2020.12.31
구기영조방낙지,부산광역시 동래구 명장 1동 63-4,,129,35.205014,부산,,,낙곱새,,2020.12.31
동래할매파전,부산광역시 동래구 복천동 367-2,,129,35.204616,부산,,,동래파전,,2020.12.31
송정3대국밥,부산광역시 부산광역시진구 부전동 255-15,,129,35.179843,부산,,,돼지국밥,,2020.12.31
한방장어구이,부산광역시 연제구 거제동 879-13,,129,35.18629,부산,,,양념장어,,2020.12.31
영도해녀촌,부산광역시 영도구 동삼1동 627,,129,35.06969,부산,,,영도 해녀김밥,,2020.12.31
사랑방,부산광역시 영도구 동삼동 983-9,,129,35.063557,부산,,,조개구이,,2020.12.31
한량,부산광역시 해운대구광역시 우동 1435,,129.1,35.163099,부산,,,꼬치구이,,2020.12.31
속씨원한대구탕,부신 해운대구광역시 우동 643-5,,129.1,35.163099,부산,,,대구탕,,2020.12.31
돌곰네,서울특별시 강남구 논현동 105 동현아파트 상가 지하,,127,37.519315,서울,,,문어,,2020.12.31
뉴문한우육회,서울특별시 강남구 논현동 143-2,,127,37.509723,서울,,,육회,,2020.12.31
건대통골뱅이,서울특별시 강남구 논현동 143-26,,127,37.508898,서울,,,골뱅이탕,,2020.12.31
새마을식당,서울특별시 강남구 논현동 164-12,,127,37.507686,서울,,,불고기,,2020.12.31
고요남,서울특별시 강남구 논현동 164-14,,127,37.507973,서울,,,소갈비찜,,2020.12.31
그릭슈바인,서울특별시 강남구 논현동 17,,127,37.515396,서울,,,슈바인학센,,2020.12.31
사람사는 고깃집 김일도,서울특별시 강남구 논현동 183-8,,127,37.506826,서울,,,숙성돼지고기,,2020.12.31
아카라,서울특별시 강남구 논현동 272-31,,127,37.510179,서울,,,로바다야끼,,2020.12.31
서경도락,서울특별시 강남구 논현동 60,,127,37.519761,서울,,,직화소불고기,,2020.12.31
자연석돌구이,서울특별시 강남구 논현동 97-18,,127,37.520693,서울,,,대패삼겹살,,2020.12.31
하오,서울특별시 강남구 대치동 895 4층,,127,37.504183,서울,,,북경오리,,2020.12.31
진대감,서울특별시 강남구 대치동 895-11,,127,37.504039,서울,,,차돌삼합,,2020.12.31
채근담,서울특별시 강남구 대치동 983,,127,37.503415,서울,,,비건한정식,,2020.12.31
맛자랑,서울특별시 강남구 대치동 987-7,,127,37.500301,서울,,,콩국수,,2020.12.31
초량돼지,서울특별시 강남구 대치동 996-14,,127,37.508656,서울,,,돼지껍데기,,2020.12.31
포브라더스,서울특별시 강남구 도곡동 424-5,,127,127.044275,서울,,,"안심 쌀국수, 월남쌈",,2020.12.31
봉족발,서울특별시 강남구 도곡동 954-12,,127,37.485485,서울,,,이색족발,,2020.12.31
시추안하우스,서울특별시 강남구 삼성동 154-11,,127,37.509613,서울,,,사천요리,,2020.12.31
미인삼계탕,서울특별시 강남구 삼성동 159 코엑스 지하2층,,127,37.511663,서울,,,삼계탕,,2020.12.31
설로인,서울특별시 강남구 삼성동 48-4,,127,37.513633,서울,,,한우오마카세,,2020.12.31
정돈프리미엄,서울특별시 강남구 신사동 519-4,,127,127.021046,서울,,,"로스, 히레",,2020.12.31
김복순큰남비집,서울특별시 강남구 신사동 522,,127,37.520701,서울,,,김치찌개,,2020.12.31
미드가르드,서울특별시 강남구 신사동 561-11 4층,,127,37.519113,서울,,,스테이크,,2020.12.31
개화옥등심,서울특별시 강남구 신사동 574-5,,127,37.525016,서울,,,한우 불고기 세트,,2020.12.31
청청,서울특별시 강남구 신사동 588-12,,127,37.521514,서울,,,골뱅이,,2020.12.31
한일관,서울특별시 강남구 신사동 619-4,,127,37.527833,서울,,,불고기,,2020.12.31
스시마리,서울특별시 강남구 신사동 652-11,,127,37.523598,서울,,,스시오마카세,,2020.12.31
쉬림프팩토리,서울특별시 강남구 신사동 655-8,,127,127.038546,서울,,,"쉬팩플래터, 스테이크",,2020.12.31
동경전통육개장,서울특별시 강남구 역삼1동 647-7,,127,37.500434,서울,,,육개장,,2020.12.31
대우식당,서울특별시 강남구 역삼동 641-18,,127,37.502761,서울,,,부대찌개,,2020.12.31
꽃새우영번지,서울특별시 강남구 역삼동 689-6,,127,37.506199,서울,,,새우,,2020.12.31
통영집,서울특별시 강남구 역삼동 696-31,,127,37.506482,서울,,,도다리쑥국,,2020.12.31
강남목장,서울특별시 강남구 역삼동 725-25,,127,37.50037,서울,,,한우특수부위,,2020.12.31
강남목장,서울특별시 강남구 역삼동 725-25,,127,37.50037,서울,,,한우,,2020.12.31
현대북어찜황태전골,서울특별시 강남구 역삼동 738-11,,127,37.498884,서울,,,북어탕,,2020.12.31
새우상회,서울특별시 강남구 역삼동 820-2 2층,,127,37.499464,서울,,,양념새우,,2020.12.31
무등산,서울특별시 강남구 청담동 1-15,,127,37.52192,서울,,,육회비빔밥,,2020.12.31
청담정스시,서울특별시 강남구 청담동 122-30,,127,37.525442,서울,,,회전초밥,,2020.12.31
청담정스시,서울특별시 강남구 청담동 122-30,,127,37.525442,서울,,,초밥,,2020.12.31
청담골,서울특별시 강남구 청담동 19-17,,127,37.522741,서울,,,백반,,2020.12.31
드럼통떡볶이,서울특별시 강동구 길동 412-8,,127.1,37.53685,서울,,,퓨전분식,,2020.12.31
까시,서울특별시 강동구 길동 414-3,,127.1,37.536747,서울,,,삼치구이,,2020.12.31
버섯잔치집,서울특별시 강동구 성내동 549-4,,127.1,37.528326,서울,,,버섯전골,,2020.12.31
땡초닭발,서울특별시 강북구 수유동 178-28 1층,,127,37.642035,서울,,,닭발,,2020.12.31
장하촌,서울특별시 강서구 가양동 238-7,,126.8,37.571362,서울,,,짜장면,,2020.12.31
전주뜰콩나물국밥,서울특별시 강서구 공항동 672-10,,126.8,37.555163,서울,,,콩나물국밥,,2020.12.31
등촌최월선칼국수,서울특별시 강서구 등촌동 654-95,,126.8,37.556041,서울,,,버섯매운탕,,2020.12.31
농실가,서울특별시 강서구 등촌동 674-2,,126.8,37.55934,서울,,,갈비탕,,2020.12.31
광주똑손이아구찜,서울특별시 강서구 마곡동 722-3,,126.8,37.559407,서울,,,아귀찜,,2020.12.31
방화동쭈꾸미마을,서울특별시 강서구 방화동 451-8,,126.8,37.574116,서울,,,쭈꾸미,,2020.12.31
유림,서울특별시 강서구 염창동 5-17 유림보신원,,126.8,37.559428,서울,,,닭볶음탕,,2020.12.31
사당삼겹살,서울특별시 관악구 남현동 1061-13,,126.9,37.47506,서울,,,냉동삼겹살,,2020.12.31
봉천동진순자김밥,서울특별시 관악구 봉천동 894-2,,126.9,37.48127,서울,,,계란말이김밥,,2020.12.31
페리카나,서울특별시 관악구 봉천동 914-3,,126.9,37.480968,서울,,,치킨,,2020.12.31
살몬마켓,서울특별시 관악구 봉천동 972-37,,126.9,37.490343,서울,,,연어,,2020.12.31
김영자나주곰탕,서울특별시 관악구 서림동 110-6,,126.9,37.472393,서울,,,나주곰탕,,2020.12.31
BBQ치킨,서울특별시 관악구 신림동 산56-1 서울특별시대학교 글로벌공학교육센터,,126.9,37.458907,서울,,,황금 올리브유치킨,,2020.12.31
볏짚구이이야기,서울특별시 관악구 행운동 1666-2,,126.9,37.481465,서울,,,곰장어,,2020.12.31
매화반점 1호점,서울특별시 광진구 자양 4동 5-11,,127,127.082202,서울,,,"양꼬치, 꿔바로우",,2020.12.31
안동참찜닭,서울특별시 광진구 자양동 1-17,,127,37.539604,서울,,,찜닭,,2020.12.31
매화반점,서울특별시 광진구 자양동 5-11,,127,37.538439,서울,,,깐쇼새우,,2020.12.31
고향양꼬치,서울특별시 광진구 자양동 5-12,,127,37.538483,서울,,,양고기,,2020.12.31
계탄집,서울특별시 광진구 자양동 553-264,,127,37.534298,서울,,,닭숯불구이,,2020.12.31
바른면집,서울특별시 광진구 화양동 12-33,,127,37.543322,서울,,,파스타,,2020.12.31
개미집,서울특별시 광진구 화양동 508-2,,127,37.545228,서울,,,낙곱새,,2020.12.31
황소곱창,서울특별시 광진구 화양동 9-24,,127,37.541585,서울,,,소곱창,,2020.12.31
텐마루,서울특별시 금천구 가산동 143-44 2층,,126.8,37.477724,서울,,,창코나베,,2020.12.31
소문난,서울특별시 노원구 공릉동 571-16,,127,37.621906,서울,,,잔치국수,,2020.12.31
채선당,서울특별시 노원구 상계동 1267 토마토파르코빌딩 225-230,,127,37.680171,서울,,,삼계샤부샤부,,2020.12.31
사거리짬뽕집,서울특별시 도봉구 방학동 677-20,,127,37.662072,서울,,,짬뽕,,2020.12.31
나정순할매쭈꾸미,서울특별시 동대문구 용신동 119-20,,127,37.577097,서울,,,쭈꾸미볶음,,2020.12.31
먹깨비해물아구찜,서울특별시 동대문구 장안동 345-1,,127,37.570433,서울,,,꽃게범벅,,2020.12.31
광주식당,서울특별시 동대문구 청량리동 773,,127,37.580581,서울,,,청국장,,2020.12.31
광주식당,서울특별시 동대문구 청량리동 773,,127,37.580581,서울,,,청국장,,2020.12.31
길거리쌀국수,서울특별시 동작구 노량진동 148-87 2구간,,126.9,37.513517,서울,,,쌀국수,,2020.12.31
이모네폭탄밥,서울특별시 동작구 노량진동 148-91,,126.9,37.513396,서울,,,폭탄밥,,2020.12.31
팔팔해물탕,서울특별시 동작구 신대방동 375-21,,126.9,37.497424,서울,,,해물탕,,2020.12.31
용마루굴다리껍데기,서울특별시 마포구 공덕동 22-13,,126.9,126.958068,서울,,,"돼지갈비, 돼지꼬리",,2020.12.31
웰빙김치찜,서울특별시 마포구 공덕동 256-5,,126.9,37.545206,서울,,,돼지고기김치찜,,2020.12.31
군자네,서울특별시 마포구 대흥동 337-62,,126.9,37.545524,서울,,,고등어김치찜,,2020.12.31
팔팔전복,서울특별시 마포구 도화동 181-5,,126.9,37.542049,서울,,,전복,,2020.12.31
한강껍데기,서울특별시 마포구 망원동 416-33,,126.9,37.556672,서울,,,돼지껍데기,,2020.12.31
만복기사식당,서울특별시 마포구 망원동 455-1,,126.8,37.55528,서울,,,고등어조림,,2020.12.31
청어람,서울특별시 마포구 망원동 482-3,,126.9,37.558135,서울,,,곱창전골,,2020.12.31
The450,서울특별시 마포구 상수동 90-2,,126.9,37.549706,서울,,,함박스테이크,,2020.12.31
오복가정식,서울특별시 마포구 상암동 12-79,,126.8,37.577517,서울,,,백반,,2020.12.31
오비야,서울특별시 마포구 서교동 346-16,,126.9,37.55547,서울,,,냉소바,,2020.12.31
바다회사랑,서울특별시 마포구 서교동 352-1,,126.9,37.555487,서울,,,대방어회,,2020.12.31
뉴욕엔와이,서울특별시 마포구 서교동 358-118,,126.9,37.552946,서울,,,스테이크,,2020.12.31
강수돌곱창,서울특별시 마포구 서교동 358-136,,126.9,37.552971,서울,,,소곱창,,2020.12.31
훈남닭발,서울특별시 마포구 서교동 363-24,,126.9,37.551129,서울,,,국물닭발,,2020.12.31
김앤김대게전문점,서울특별시 마포구 서교동 372-1 3층,,126.9,37.552679,서울,,,랍스터,,2020.12.31
어메이징타일랜드,서울특별시 마포구 서교동 375-37,,126.9,37.554351,서울,,,쌀국수,,2020.12.31
우동카덴,서울특별시 마포구 서교동 391-5,,126.9,37.551699,서울,,,우동,,2020.12.31
징기스,서울특별시 마포구 서교동 407-4,,126.9,37.550273,서울,,,양고기,,2020.12.31
하노이안,서울특별시 마포구 서교동 408-18,,126.9,37.549243,서울,,,쌀국수,,2020.12.31
리치몬드과자점,서울특별시 마포구 성산동 114-5,,126.9,37.549243,서울,,,"슈크림, 바토시트롱",,2020.12.31
삼국지,서울특별시 마포구 연남동 259-4 2층,,126.9,37.560936,서울,,,훠궈,,2020.12.31
아소정,서울특별시 마포구 염리동 149-9,,126.9,37.546577,서울,,,갈비찜,,2020.12.31
철길왕갈비살,서울특별시 마포구 창전동 4-2,,126.9,37.554545,서울,,,양념소갈비살,,2020.12.31
한옥집,서울특별시 서대문구 냉천동 178,,126.9,37.566644,서울,,,김치찌개,,2020.12.31
대흥뚝배기,서울특별시 서대문구 대현동 56-33,,126.9,37.55808,서울,,,제육볶음,,2020.12.31
면면,서울특별시 서대문구 북가좌동 343-1 2층,,126.9,37.583622,서울,,,라면,,2020.12.31
시오,서울특별시 서대문구 연희동 190-4,,126.9,37.567195,서울,,,삼색야끼도리,,2020.12.31
청송함흥냉면,서울특별시 서대문구 연희동 193-6,,126.9,37.565898,서울,,,냉면,,2020.12.31
야바이,서울특별시 서대문구 창천동 52-20,,126.9,37.558785,서울,,,오코도미야키,,2020.12.31
라화쿵부,서울특별시 서대문구 창천동 52-6,,126.9,37.559066,서울,,,마라샹궈,,2020.12.31
텍사스데브라질,서울특별시 서초구 반포동 118-3,,127,37.50402,서울,,,슈하스코,,2020.12.31
도셰프,서울특별시 서초구 반포동 707-8,,127,37.509475,서울,,,화덕피자,,2020.12.31
팔팔민물장어,서울특별시 서초구 반포동 745,,127,37.503409,서울,,,장어구이,,2020.12.31
백년옥,서울특별시 서초구 서초3동 1450-6,,127,37.481175,서울,,,순두부,,2020.12.31
봉산옥,서울특별시 서초구 서초3동 1451-9,,127,37.483354,서울,,,만둣국,,2020.12.31
분짜라붐,서울특별시 서초구 서초동 1307,,127,127.024855,서울,,,"하노이 쌀국수, 하노이 직화분짜",,2020.12.31
황금복국,서울특별시 서초구 서초동 1327-1,,127,37.495767,서울,,,복국,,2020.12.31
하나우동,서울특별시 서초구 서초동 1327-35,,127,37.494531,서울,,,철판볶음밥,,2020.12.31
담뿍화로된장찌개,서울특별시 서초구 서초동 1330-7,,127,37.492964,서울,,,된장찌개,,2020.12.31
꼴더덕꼴더덕,서울특별시 서초구 서초동 1459-6,,127,37.484001,서울,,,더덕,,2020.12.31
아따맵소,서울특별시 서초구 서초동 1510-3,,127,37.487728,서울,,,고추장찌개,,2020.12.31
영광굴비식당,서울특별시 서초구 서초동 1572-14,,127,37.492501,서울,,,굴비구이,,2020.12.31
우작설렁탕,서울특별시 서초구 서초동 1621-5 지하 1층,,127,37.486231,서울,,,설렁탕,,2020.12.31
대가향,서울특별시 서초구 서초동 1689-5,,127,37.495415,서울,,,탕수육,,2020.12.31
디안다만,서울특별시 서초구 양재동 1-26,,127,37.484889,서울,,,팟타이,,2020.12.31
강촌원조쭈꾸미,서울특별시 서초구 양재동 13-9,,127,37.483298,서울,,,쭈꾸미삼겹살,,2020.12.31
오대산산채식당,서울특별시 서초구 양재동 2-13,,127,37.484743,서울,,,비빔밥,,2020.12.31
소백산,서울특별시 서초구 양재동 346,,127,37.468548,서울,,,소갈비탕,,2020.12.31
양재동첫번째찜,서울특별시 서초구 양재동 351-8,,127,37.466923,서울,,,조개찜,,2020.12.31
박달재자연식당,서울특별시 서초구 양재동 353-4,,127,37.466683,서울,,,흑염소,,2020.12.31
은성보쌈,서울특별시 성동구 금호동3가 375 독서당로 297-6,,127,37.549767,서울,,,보쌈김치,,2020.12.31
성화생라멘,서울특별시 성동구 도선동 15,,127,37.563361,서울,,,라멘,,2020.12.31
목포산꽃게,서울특별시 성동구 마장동 767-41,,127,37.567788,서울,,,꽃게백숙,,2020.12.31
나폴레옹제과점,서울특별시 성북구 성북동 1가 35-5,,127,127.005138,서울,,,"사라다빵, 크로아상",,2020.12.31
호인족발,서울특별시 송파구 가락동 175-7,,127.1,37.496043,서울,,,불족발,,2020.12.31
도토리편백집,서울특별시 송파구 문정동 641-4 116호,,127.1,37.486294,서울,,,편백찜,,2020.12.31
주은감자탕,서울특별시 송파구 삼전동 132-14,,127,37.50369,서울,,,감자탕,,2020.12.31
미타우동,서울특별시 송파구 삼전동 3-1,,127,37.506425,서울,,,우동,,2020.12.31
가나안,서울특별시 송파구 송파동 195-1,,127.1,37.500482,서울,,,떡볶이,,2020.12.31
대갈곱창&막창,서울특별시 송파구 송파동 39-9,,127.1,37.509945,서울,,,돼지막창구이,,2020.12.31
탕,서울특별시 송파구 잠실동 207-19,,127,37.509652,서울,,,김치찌개,,2020.12.31
숲속도토리마을,서울특별시 양천구 신정동 1157-21,,126.8,37.515486,서울,,,도토리정식,,2020.12.31
부여집,서울특별시 영등포구 당산동 2가 162-13,,126.8,37.524294,서울,,,도가니요리,,2020.12.31
대림동삼거리 먼지막순대국,서울특별시 영등포구 대림동 963-9,,126.9,37.491744,서울,,,순대국,,2020.12.31
송원마포돼지갈비,서울특별시 영등포구 문래동 4가 8-18,,126.8,37.516599,서울,,,양념돼지갈비,,2020.12.31
이필당,서울특별시 영등포구 양평동 4가 77-3,,126.8,37.53576,서울,,,보쌈,,2020.12.31
정인면옥,서울특별시 영등포구 여의도동 13-1,,126.9,37.530693,서울,,,평양냉면,,2020.12.31
하롱베이의 하루,서울특별시 영등포구 여의도동 17,,126.9,37.525472,서울,,,쌀국수,,2020.12.31
부흥동태,서울특별시 영등포구 여의도동 36-4,,126.9,37.520211,서울,,,동태찌개,,2020.12.31
닭한마리,서울특별시 영등포구 영등포동 3가 12-18,,126.9,37.517797,서울,,,닭한마리,,2020.12.31
전주전집,서울특별시 영등포구 영등포동 3가 4-7,,126.9,37.518987,서울,,,전,,2020.12.31
송죽장,서울특별시 영등포구 영등포동 4가 55,,126.9,37.518361,서울,,,짬뽕,,2020.12.31
땅끝마을매생이굴국밥,서울특별시 용산구 원효로 2가 80-18,,126.9,37.536049,서울,,,매생이국밥,,2020.12.31
정통우거지탕,서울특별시 용산구 원효로 2가 96-10,,126.9,37.534548,서울,,,LA갈비,,2020.12.31
미스터케밥,서울특별시 용산구 이태원 1동 127-2,,126.9,37.532615,서울,,,케밥,,2020.12.31
핍스에비뉴,서울특별시 용산구 이태원동 112-2,,126.9,37.535169,서울,,,브런치,,2020.12.31
알리바바,서울특별시 용산구 이태원동 124-9,,126.9,37.534823,서울,,,이집트음식,,2020.12.31
꾸띠자르당,서울특별시 용산구 이태원동 131-23,,126.9,37.533445,서울,,,프랑스요리,,2020.12.31
로코스비비큐,서울특별시 용산구 이태원동 2-5,,126.9,37.540977,서울,,,바베큐,,2020.12.31
코리아노스키친,서울특별시 용산구 이태원동 457-3,,126.9,37.534427,서울,,,멕시코타코,,2020.12.31
마음과마음,서울특별시 용산구 이태원동 557,,126.9,37.537355,서울,,,오므라이스,,2020.12.31
쌀롱드누이,서울특별시 용산구 이태원동 57-24,,126.9,37.53458,서울,,,핫팟,,2020.12.31
마더스오피스,서울특별시 용산구 이태원동 580 2층,,126.9,37.537455,서울,,,수제버거,,2020.12.31
해피홈레스토랑,서울특별시 용산구 이태원동 64-15,,126.9,37.53405,서울,,,나이지리아요리,,2020.12.31
트로이카,서울특별시 용산구 이태원동 72-32 5층,,127,126.992324,서울,,,"오소브이, 보르쉬",,2020.12.31
오근내닭갈비,서울특별시 용산구 한강로 3가 40-90,,126.9,37.524538,서울,,,닭갈비,,2020.12.31
원대구탕,서울특별시 용산구 한강로1가 142-4,,126.9,37.534694,서울,,,대구탕,,2020.12.31
가람떡갈비,서울특별시 용산구 한강로3가 40-441,,126.9,37.526123,서울,,,떡갈비,,2020.12.31
속초생선찜,서울특별시 은평구 갈현동 431-1,,126.9,37.620256,서울,,,속초식생선찜,,2020.12.31
미소복원조양평해장국,서울특별시 은평구 갈현동 460-18,,126.9,37.616914,서울,,,양평해장국,,2020.12.31
목포세발낙지,서울특별시 은평구 불광 1동 281-162,,126.9,37.602769,서울,,,낙지,,2020.12.31
항아리홍어,서울특별시 은평구 불광동 281-159,,126.9,37.60998,서울,,,민어,,2020.12.31
대관령황태마을,서울특별시 은평구 역촌동 70-34,,126.9,37.603544,서울,,,황태,,2020.12.31
만석쌈밥,서울특별시 은평구 진관동 278-32,,126.9,37.655899,서울,,,두부요리,,2020.12.31
이문설농탕,서울특별시 종로구 견지동 88,,126.9,37.572738,서울,,,설렁탕,,2020.12.31
전주식당,서울특별시 종로구 관수동 43-2,,126.9,37.569899,서울,,,생선구이,,2020.12.31
펭귄마카롱,서울특별시 종로구 관훈동 18-1,,126.9,37.573618,서울,,,마카롱아이스크림,,2020.12.31
북촌공장,서울특별시 종로구 관훈동 6,,126.9,37.573298,서울,,,크로켓,,2020.12.31
여자만,서울특별시 종로구 관훈동 88,,126.9,37.574954,서울,,,꼬막,,2020.12.31
메이탄,서울특별시 종로구 교남동 50-1,,126.9,37.568552,서울,,,양장피,,2020.12.31
장모님해장국,서울특별시 종로구 구기동 253-1,,126.9,37.608875,서울,,,선지해장국,,2020.12.31
순라길,서울특별시 종로구 권농동 148,,126.9,37.576525,서울,,,홍어삼합,,2020.12.31
종로진낙지,서울특별시 종로구 낙원동 139,,126.9,37.572116,서울,,,철판낚지볶음,,2020.12.31
혜화양육관,서울특별시 종로구 명륜4가 36-1,,127,37.582605,서울,,,양꼬치,,2020.12.31
다락정,서울특별시 종로구 삼청동 127-4,,126.9,37.587304,서울,,,만두전골,,2020.12.31
만정,서울특별시 종로구 삼청동 28-19,,126.9,37.586327,서울,,,소고기,,2020.12.31
우정낙지,서울특별시 종로구 서린동 127,,126.9,37.569412,서울,,,낙지볶음,,2020.12.31
조선김밥,서울특별시 종로구 소격동 159,,126.9,37.57881,서울,,,조선김밥,,2020.12.31
경원집족발,서울특별시 종로구 적선동 27,,126.9,37.576189,서울,,,족발,,2020.12.31
미진,서울특별시 종로구 종로1가 24 르메이에르종로타운 1층 청진동 146,,126.9,37.570847,서울,,,메밀,,2020.12.31
와글와글족발,서울특별시 종로구 창신동 573-1,,127,37.57239,서울,,,족발,,2020.12.31
억조,서울특별시 종로구 효제동 226-1,,127,37.572078,서울,,,복어,,2020.12.31
도마,서울특별시 종루구 관훈동 15-1,,126.9,37.566415,서울,,,흑돼지샤부샤부,,2020.12.31
인디테이블,서울특별시 중구 남대문로 5가 526,,126.9,37.556498,서울,,,영국식 인도요리,,2020.12.31
호남식당,서울특별시 중구 남창동 34-53,,126.9,37.55983,서울,,,갈치조림,,2020.12.31
용금옥,서울특별시 중구 다동 165-1,,126.9,37.567663,서울,,,추탕,,2020.12.31
샤이바나,서울특별시 중구 무교동 87,,126.9,37.568776,서울,,,미국가정식,,2020.12.31
오후청,서울특별시 중구 북창동 104,,126.9,37.562091,서울,,,샤브샤브,,2020.12.31
참숯꼼장어,서울특별시 중구 신당동 142-3,,127,37.565023,서울,,,등갈비구이,,2020.12.31
마복림떡뽁이,서울특별시 중구 신당동 292-112,,127,37.563208,서울,,,즉석떡볶이,,2020.12.31
원조남산왕돈까스,서울특별시 중구 예장동 8-53,,126.9,37.557386,서울,,,왕돈가스,,2020.12.31
바오차이,서울특별시 중구 을지로 2가 148-28 지하 1층,,126.9,37.565652,서울,,,딤섬,,2020.12.31
뿌자2,서울특별시 중구 을지로 6가 18-71,,127,37.566896,서울,,,인도커리,,2020.12.31
황평집,서울특별시 중구 인현동 2가 135-13,,126.9,37.564076,서울,,,닭곰탕,,2020.12.31
두툼,서울특별시 중구 중림동 200,,126.9,37.558015,서울,,,삼겹살,,2020.12.31
전주중앙회관,서울특별시 중구 충무로1가 24-11,,126.9,37.561177,서울,,,돌솥비빔밥,,2020.12.31
유정집,서울특별시 중랑구 신내동 644,,127,37.6155,서울,,,차돌박이,,2020.12.31
서해안횟집,인천광역시 강화군 길상면 초지리 616-5,,126.5,37.635624,인천,,,전어,,2020.12.31
외포왕꽃게탕,인천광역시 강화군 내가면 외포리 393-1,,126.3,37.704502,인천,,,꽃게탕,,2020.12.31
부암갈비,인천광역시 남동구 간석2동 130-12,,126.7,37.463005,인천,,,돼지갈비,,2020.12.31
부암갈비,인천광역시 남동구 간석2동 130-12,,126.7,37.463005,인천,,,생돼지갈비,,2020.12.31
처갓집추어탕,인천광역시 남동구 운연동 40-15,,126.7,37.443643,인천,,,추어탕,,2020.12.31
쫄면가,인천광역시 미추홀구 주안 4동 409-2,,126.6,37.463601,인천,,,쫄면,,2020.12.31
신포찬누리닭강정,인천광역시 중구 내동 209-29,,126.6,37.471742,인천,,,닭강정,,2020.12.31
만다복,인천광역시 중구 북성동 2가 9-11,,126.6,37.476106,인천,,,짜장면,,2020.12.31
신포순대,인천광역시 중구 신포동 38-1,,126.6,37.471529,인천,,,순대볶음,,2020.12.31
만정수산,인천광역시 중구 중산동 1850-339,,126.5,37.511484,인천,,,대하구이,,2020.12.31
목포신안18호횟집,인천광역시 중구 항동 7가 58-97,,126.6,37.45232,인천,,,회,,2020.12.31
남문식당,전라남도 강진군 강진읍 남성리 137-1,,126.7,34.641382,전남,,,남도한정식,,2020.12.31
금목서,전라남도 광양시 광양읍 칠성리 17-2,,127.5,34.97748,전남,,,광양불고기,,2020.12.31
청룡식당,전라남도 광양시 진월면 신아리 1191-28,,127.7,34.985748,전남,,,재첩국,,2020.12.31
순천만가든,전라남도 순천시 대대동 40-1,,127.5,34.892472,전남,,,짱뚱어전골,,2020.12.31
경도회관,전라남도 여수시 경호동 621-3,,127.7,34.721816,전남,,,갯장어샤브샤브,,2020.12.31
수협회센타,전라남도 완도군 완도읍 가용리 1100-1,,126.7,34.326029,전남,,,회3종,,2020.12.31
일억조식당,전라남도 완도군 완도읍 군내리 1260-1,,126.7,126.749958,전남,,,"전복코스요리, 전복 물회",,2020.12.31
오선모옛날김밥,전라북도 전주시 완산구 삼천동 1가 601-11,,127.1,35.798977,전북,,,김밥,,2020.12.31
조점례남문피순대,전라북도 전주시 완산구 전동 3가 2-198,,127.1,35.812523,전북,,,피순대,,2020.12.31
전주물갈비,전라북도 전주시 완산구 평화동 2가 872-10,,127.1,35.789531,전북,,,물갈비,,2020.12.31
치즈명가,전라북도 전주시 완산구 풍남동 3가 74-25,,127.1,35.815777,전북,,,치즈,,2020.12.31
꽃돼지연탄구이,제주특별자치도 서귀포시 대포동 2238-2,,126.4,33.242283,제주,,,흑돼지근고기,,2020.12.31
오는정김밥,제주특별자치도 서귀포시 서귀동 254-6,,126.5,33.249646,제주,,,오는정김밥,,2020.12.31
우정회센타,제주특별자치도 서귀포시 서귀동 276-20,,126.5,33.249677,제주,,,꽁치김밥,,2020.12.31
바다의집,제주특별자치도 서귀포시 성산읍 오조리 366-1,,126.9,33.469458,제주,,,성게미역국,,2020.12.31
춘심이네,제주특별자치도 서귀포시 안덕면 창천리 160-4,,126.3,33.264411,제주,,,갈치구이,,2020.12.31
제주한라국수,제주특별자치도 서귀포시 중문동 2048-1,,126.4,33.250304,제주,,,고기국수,,2020.12.31
해월정,제주특별자치도 제주시 구좌읍 종달리 608,,126.9,33.492212,제주,,,보말칼국수,,2020.12.31
돈해돈찜,제주특별자치도 제주시 오라2동 3162-3,,126.5,33.481967,제주,,,해물돼지갈비찜,,2020.12.31